new_filename,source_filename,original_path,compressed_path,media_type,capture_datetime_if_reliable,estimated_datetime,gps_lat,gps_lon,period,confidence,ordering_basis,relative_path,manual_filename_hint
A_001.jpg,0d5646af-764b-467d-9f26-9bb1b7534cd3.jpg,/Users/Daniel/Downloads/Foto di iCloud/0d5646af-764b-467d-9f26-9bb1b7534cd3.jpg,/Users/Daniel/Downloads/ANNIVERSARY_2026/compressed_all/set1/0d5646af-764b-467d-9f26-9bb1b7534cd3.jpg,image,,,,,A,user-assigned,user-provided filename hint: 21_SET.jpg,A/A_001.jpg,21_SET.jpg
A_002.jpg,IMG_8647.jpg,/Users/Daniel/Downloads/Foto di iCloud/IMG_8647.HEIC,/Users/Daniel/Downloads/ANNIVERSARY_2026/compressed_all/set1/IMG_8647.jpg,image,2025-09-21T13:14:43,,43.651345,-79.355613,A,high,embedded EXIF capture date; GPS present,A/A_002.jpg,
A_003.jpg,IMG_3666.jpg,/Users/Daniel/Downloads/Foto di iCloud/IMG_3666.JPG,/Users/Daniel/Downloads/ANNIVERSARY_2026/compressed_all/set1/IMG_3666.jpg,image,2025-09-21T19:38:18,,43.639622,-79.354492,A,high,embedded EXIF capture date; GPS present,A/A_003.jpg,
A_004.jpg,IMG_8675.jpg,/Users/Daniel/Downloads/Foto di iCloud/IMG_8675.HEIC,/Users/Daniel/Downloads/ANNIVERSARY_2026/compressed_all/set1/IMG_8675.jpg,image,2025-09-21T19:57:14,,43.639633,-79.354492,A,high,embedded EXIF capture date; GPS present,A/A_004.jpg,
A_005.jpg,IMG_8772.jpg,/Users/Daniel/Downloads/Foto di iCloud/IMG_8772.HEIC,/Users/Daniel/Downloads/ANNIVERSARY_2026/compressed_all/set1/IMG_8772.jpg,image,2025-09-24T17:05:36,,43.663922,-79.4162,A,high,embedded EXIF capture date; GPS present,A/A_005.jpg,
A_006.jpg,IMG_8781.jpg,/Users/Daniel/Downloads/Foto di iCloud/IMG_8781.HEIC,/Users/Daniel/Downloads/ANNIVERSARY_2026/compressed_all/set1/IMG_8781.jpg,image,2025-09-24T21:44:37,,43.66407,-79.416817,A,high,embedded EXIF capture date; GPS present,A/A_006.jpg,
A_007.jpg,4681b87f-99e3-4bf9-b458-b2ba5038fd5f.jpg,/Users/Daniel/Downloads/Foto di iCloud/4681b87f-99e3-4bf9-b458-b2ba5038fd5f.jpg,/Users/Daniel/Downloads/ANNIVERSARY_2026/compressed_all/set1/4681b87f-99e3-4bf9-b458-b2ba5038fd5f.jpg,image,,,,,A,user-assigned,user-provided filename hint: 25_SET.jpg,A/A_007.jpg,25_SET.jpg
A_008.jpg,IMG_3626.jpg,/Users/Daniel/Downloads/Foto di iCloud/IMG_3626.JPEG,/Users/Daniel/Downloads/ANNIVERSARY_2026/compressed_all/set1/IMG_3626.jpg,image,,,,,A,user-assigned,user-provided filename hint: 25_SET_2.jpg,A/A_008.jpg,25_SET_2.jpg
A_009.jpg,IMG_3130.jpg,/Users/Daniel/Downloads/Foto di iCloud/IMG_3130.JPG,/Users/Daniel/Downloads/ANNIVERSARY_2026/compressed_all/set1/IMG_3130.jpg,image,,,,,A,user-assigned,user-provided filename hint: 25_SET_3.jpg,A/A_009.jpg,25_SET_3.jpg
A_010.m4v,IMG_8823.m4v,/Users/Daniel/Downloads/Foto di iCloud/IMG_8823.MOV,/Users/Daniel/Downloads/ANNIVERSARY_2026/compressed_all/set1/IMG_8823.m4v,video,2025-09-25T22:38:45,,43.6514,-79.3575,A,high,embedded QuickTime creation date; GPS present,A/A_010.m4v,
A_011.m4v,IMG_8824.m4v,/Users/Daniel/Downloads/Foto di iCloud/IMG_8824.MOV,/Users/Daniel/Downloads/ANNIVERSARY_2026/compressed_all/set1/IMG_8824.m4v,video,2025-09-25T22:55:11,,43.6514,-79.3575,A,high,embedded QuickTime creation date; GPS present,A/A_011.m4v,
A_012.jpg,IMG_8836.jpg,/Users/Daniel/Downloads/Foto di iCloud/IMG_8836.HEIC,/Users/Daniel/Downloads/ANNIVERSARY_2026/compressed_all/set1/IMG_8836.jpg,image,2025-09-26T14:46:21,,43.651405,-79.357497,A,high,embedded EXIF capture date; GPS present,A/A_012.jpg,
A_013.jpg,IMG_8874.jpg,/Users/Daniel/Downloads/Foto di iCloud/IMG_8874.HEIC,/Users/Daniel/Downloads/ANNIVERSARY_2026/compressed_all/set1/IMG_8874.jpg,image,2025-09-28T00:07:49,,43.651342,-79.35743,A,high,embedded EXIF capture date; GPS present,A/A_013.jpg,
A_014.jpg,IMG_8878.jpg,/Users/Daniel/Downloads/Foto di iCloud/IMG_8878.HEIC,/Users/Daniel/Downloads/ANNIVERSARY_2026/compressed_all/set1/IMG_8878.jpg,image,2025-09-28T10:45:23,,43.651395,-79.357505,A,high,embedded EXIF capture date; GPS present,A/A_014.jpg,
A_015.jpg,IMG_8887.jpg,/Users/Daniel/Downloads/Foto di iCloud/IMG_8887.HEIC,/Users/Daniel/Downloads/ANNIVERSARY_2026/compressed_all/set1/IMG_8887.jpg,image,2025-09-28T14:22:22,,43.656342,-79.380792,A,high,embedded EXIF capture date; GPS present,A/A_015.jpg,
A_016.m4v,c0c33be8-e842-4744-95b6-b45370e081e3.m4v,/Users/Daniel/Downloads/Foto di iCloud/c0c33be8-e842-4744-95b6-b45370e081e3.mp4,/Users/Daniel/Downloads/ANNIVERSARY_2026/compressed_all/set1/c0c33be8-e842-4744-95b6-b45370e081e3.m4v,video,,,,,A,user-assigned,user-provided filename hint: 30_SET.m4v,A/A_016.m4v,30_SET.m4v
A_017.jpg,IMG_8992.jpg,/Users/Daniel/Downloads/Foto di iCloud/IMG_8992.HEIC,/Users/Daniel/Downloads/ANNIVERSARY_2026/compressed_all/set1/IMG_8992.jpg,image,2025-10-02T22:35:58,,43.663795,-79.417763,A,high,embedded EXIF capture date; GPS present,A/A_017.jpg,
A_018.jpg,IMG_3860.jpg,/Users/Daniel/Downloads/Foto di iCloud/IMG_3860.JPG,/Users/Daniel/Downloads/ANNIVERSARY_2026/compressed_all/set1/IMG_3860.jpg,image,2025-10-03T09:17:07,,43.637019,-79.415711,A,high,embedded EXIF capture date; GPS present,A/A_018.jpg,
A_019.jpg,IMG_9021.jpg,/Users/Daniel/Downloads/Foto di iCloud/IMG_9021.HEIC,/Users/Daniel/Downloads/ANNIVERSARY_2026/compressed_all/set1/IMG_9021.jpg,image,2025-10-03T12:56:14,,43.088969,-79.073181,A,high,embedded EXIF capture date; GPS present,A/A_019.jpg,
A_020.jpg,IMG_3900.jpg,/Users/Daniel/Downloads/Foto di iCloud/IMG_3900.JPG,/Users/Daniel/Downloads/ANNIVERSARY_2026/compressed_all/set1/IMG_3900.jpg,image,2025-10-03T14:16:52,,43.078194,-79.078919,A,high,embedded EXIF capture date; GPS present,A/A_020.jpg,
A_021.jpg,IMG_9064.jpg,/Users/Daniel/Downloads/Foto di iCloud/IMG_9064.HEIC,/Users/Daniel/Downloads/ANNIVERSARY_2026/compressed_all/set1/IMG_9064.jpg,image,2025-10-03T16:22:25,,43.080403,-79.077828,A,high,embedded EXIF capture date; GPS present,A/A_021.jpg,
A_022.m4v,efcafc60-d15c-4bab-9ddc-e8e2ec1c1303.m4v,/Users/Daniel/Downloads/Foto di iCloud/efcafc60-d15c-4bab-9ddc-e8e2ec1c1303.mp4,/Users/Daniel/Downloads/ANNIVERSARY_2026/compressed_all/set1/efcafc60-d15c-4bab-9ddc-e8e2ec1c1303.m4v,video,,,,,A,user-assigned,user-provided filename hint: 5_OTT.m4v,A/A_022.m4v,5_OTT.m4v
A_023.m4v,IMG_9368.m4v,/Users/Daniel/Downloads/Foto di iCloud/IMG_9368.MOV,/Users/Daniel/Downloads/ANNIVERSARY_2026/compressed_all/set1/IMG_9368.m4v,video,2025-10-07T01:39:36,,43.6514,-79.3575,A,high,embedded QuickTime creation date; GPS present,A/A_023.m4v,
A_024.m4v,IMG_9441.m4v,/Users/Daniel/Downloads/Foto di iCloud/IMG_9441.MOV,/Users/Daniel/Downloads/ANNIVERSARY_2026/compressed_all/set1/IMG_9441.m4v,video,2025-10-11T23:42:07,,43.6514,-79.3574,A,high,embedded QuickTime creation date; GPS present,A/A_024.m4v,
A_025.jpg,IMG_9490.jpg,/Users/Daniel/Downloads/Foto di iCloud/IMG_9490.HEIC,/Users/Daniel/Downloads/ANNIVERSARY_2026/compressed_all/set1/IMG_9490.jpg,image,2025-10-16T01:21:45,,43.651363,-79.357405,A,high,embedded EXIF capture date; GPS present,A/A_025.jpg,
A_026.jpg,IMG_9510.jpg,/Users/Daniel/Downloads/Foto di iCloud/IMG_9510.HEIC,/Users/Daniel/Downloads/ANNIVERSARY_2026/compressed_all/set1/IMG_9510.jpg,image,2025-10-17T04:07:43,,43.651403,-79.357475,A,high,embedded EXIF capture date; GPS present,A/A_026.jpg,
A_027.jpg,IMG_9569.jpg,/Users/Daniel/Downloads/Foto di iCloud/IMG_9569.HEIC,/Users/Daniel/Downloads/ANNIVERSARY_2026/compressed_all/set1/IMG_9569.jpg,image,2025-10-21T07:26:42,,43.651355,-79.357437,A,high,embedded EXIF capture date; GPS present,A/A_027.jpg,
A_028.jpg,IMG_4981.jpg,/Users/Daniel/Downloads/Foto di iCloud/IMG_4981.JPG,/Users/Daniel/Downloads/ANNIVERSARY_2026/compressed_all/set1/IMG_4981.jpg,image,2025-10-24T15:08:34,,43.651386,-79.357522,A,high,embedded EXIF capture date; GPS present,A/A_028.jpg,
A_029.jpg,IMG_9707.jpg,/Users/Daniel/Downloads/Foto di iCloud/IMG_9707.HEIC,/Users/Daniel/Downloads/ANNIVERSARY_2026/compressed_all/set1/IMG_9707.jpg,image,2025-10-25T07:31:37,,43.63168,-79.394447,A,high,embedded EXIF capture date; GPS present,A/A_029.jpg,
A_030.jpg,IMG_9759.jpg,/Users/Daniel/Downloads/Foto di iCloud/IMG_9759.HEIC,/Users/Daniel/Downloads/ANNIVERSARY_2026/compressed_all/set1/IMG_9759.jpg,image,2025-10-25T14:02:55,,41.889113,-87.626817,A,high,embedded EXIF capture date; GPS present,A/A_030.jpg,
A_031.jpg,IMG_5074.jpg,/Users/Daniel/Downloads/Foto di iCloud/IMG_5074.JPG,/Users/Daniel/Downloads/ANNIVERSARY_2026/compressed_all/set1/IMG_5074.jpg,image,2025-10-25T14:50:28,,41.882753,-87.623269,A,high,embedded EXIF capture date; GPS present,A/A_031.jpg,
A_032.jpg,IMG_5147.jpg,/Users/Daniel/Downloads/Foto di iCloud/IMG_5147.JPG,/Users/Daniel/Downloads/ANNIVERSARY_2026/compressed_all/set1/IMG_5147.jpg,image,2025-10-25T17:48:12,,41.887608,-87.626847,A,high,embedded EXIF capture date; GPS present,A/A_032.jpg,
A_033.jpg,IMG_9873.jpg,/Users/Daniel/Downloads/Foto di iCloud/IMG_9873.HEIC,/Users/Daniel/Downloads/ANNIVERSARY_2026/compressed_all/set1/IMG_9873.jpg,image,2025-10-27T10:32:47,,41.894467,-87.624488,A,high,embedded EXIF capture date; GPS present,A/A_033.jpg,
A_034.jpg,IMG_5249.jpg,/Users/Daniel/Downloads/Foto di iCloud/IMG_5249.JPG,/Users/Daniel/Downloads/ANNIVERSARY_2026/compressed_all/set1/IMG_5249.jpg,image,2025-10-27T12:03:14,,41.890717,-87.611831,A,high,embedded EXIF capture date; GPS present,A/A_034.jpg,
A_035.jpg,IMG_0085.jpg,/Users/Daniel/Downloads/Foto di iCloud/IMG_0085.HEIC,/Users/Daniel/Downloads/ANNIVERSARY_2026/compressed_all/set1/IMG_0085.jpg,image,2025-10-28T10:42:38,,41.90007,-87.621217,A,high,embedded EXIF capture date; GPS present,A/A_035.jpg,
A_036.jpg,IMG_0170.jpg,/Users/Daniel/Downloads/Foto di iCloud/IMG_0170.HEIC,/Users/Daniel/Downloads/ANNIVERSARY_2026/compressed_all/set1/IMG_0170.jpg,image,2025-10-29T17:40:41,,43.633678,-79.379708,A,high,embedded EXIF capture date; GPS present,A/A_036.jpg,
A_037.jpg,IMG_5479.jpg,/Users/Daniel/Downloads/Foto di iCloud/IMG_5479.JPG,/Users/Daniel/Downloads/ANNIVERSARY_2026/compressed_all/set1/IMG_5479.jpg,image,2025-10-29T17:55:29,,43.631194,-79.357108,A,high,embedded EXIF capture date; GPS present,A/A_037.jpg,
A_038.jpg,IMG_5500.jpg,/Users/Daniel/Downloads/Foto di iCloud/IMG_5500.JPG,/Users/Daniel/Downloads/ANNIVERSARY_2026/compressed_all/set1/IMG_5500.jpg,image,2025-10-29T18:01:31,,43.6315,-79.356956,A,high,embedded EXIF capture date; GPS present,A/A_038.jpg,
A_039.m4v,IMG_0203.m4v,/Users/Daniel/Downloads/Foto di iCloud/IMG_0203.MOV,/Users/Daniel/Downloads/ANNIVERSARY_2026/compressed_all/set1/IMG_0203.m4v,video,2025-10-29T18:33:54,,43.6315,-79.3572,A,high,embedded QuickTime creation date; GPS present,A/A_039.m4v,
A_040.m4v,5224966a-884a-4ba0-935c-79dac1476dbb.m4v,/Users/Daniel/Downloads/Foto di iCloud/5224966a-884a-4ba0-935c-79dac1476dbb.mp4,/Users/Daniel/Downloads/ANNIVERSARY_2026/compressed_all/set1/5224966a-884a-4ba0-935c-79dac1476dbb.m4v,video,,,,,A,user-assigned,user-provided filename hint: 31_OTT.m4v,A/A_040.m4v,31_OTT.m4v
A_041.m4v,6b3da7c9-e40a-46e8-bf59-02618f61134b.m4v,/Users/Daniel/Downloads/Foto di iCloud/6b3da7c9-e40a-46e8-bf59-02618f61134b.mp4,/Users/Daniel/Downloads/ANNIVERSARY_2026/compressed_all/set1/6b3da7c9-e40a-46e8-bf59-02618f61134b.m4v,video,,,,,A,user-assigned,user-provided filename hint: 1_NOV.m4v,A/A_041.m4v,1_NOV.m4v
A_042.jpg,IMG_0450.jpg,/Users/Daniel/Downloads/Foto di iCloud/IMG_0450.HEIC,/Users/Daniel/Downloads/ANNIVERSARY_2026/compressed_all/set1/IMG_0450.jpg,image,2025-11-03T17:59:35,,43.6399,-79.380333,A,high,embedded EXIF capture date; GPS present,A/A_042.jpg,
A_043.jpg,IMG_0476.jpg,/Users/Daniel/Downloads/Foto di iCloud/IMG_0476.HEIC,/Users/Daniel/Downloads/ANNIVERSARY_2026/compressed_all/set1/IMG_0476.jpg,image,2025-11-04T18:27:33,,43.644867,-79.379745,A,high,embedded EXIF capture date; GPS present,A/A_043.jpg,
A_044.m4v,IMG_0557.m4v,/Users/Daniel/Downloads/Foto di iCloud/IMG_0557.MOV,/Users/Daniel/Downloads/ANNIVERSARY_2026/compressed_all/set1/IMG_0557.m4v,video,2025-11-09T23:13:48,,43.642,-79.3816,A,high,embedded QuickTime creation date; GPS present,A/A_044.m4v,
A_045.jpg,IMG_0614.jpg,/Users/Daniel/Downloads/Foto di iCloud/IMG_0614.HEIC,/Users/Daniel/Downloads/ANNIVERSARY_2026/compressed_all/set1/IMG_0614.jpg,image,2025-11-10T18:44:57,,43.642483,-79.385912,A,high,embedded EXIF capture date; GPS present,A/A_045.jpg,
A_046.jpg,IMG_0678.jpg,/Users/Daniel/Downloads/Foto di iCloud/IMG_0678.HEIC,/Users/Daniel/Downloads/ANNIVERSARY_2026/compressed_all/set1/IMG_0678.jpg,image,2025-11-12T17:04:57,,43.641903,-79.3814,A,high,embedded EXIF capture date; GPS present,A/A_046.jpg,
A_047.m4v,IMG_0685.m4v,/Users/Daniel/Downloads/Foto di iCloud/IMG_0685.MOV,/Users/Daniel/Downloads/ANNIVERSARY_2026/compressed_all/set1/IMG_0685.m4v,video,2025-11-12T17:05:11,,43.6419,-79.3814,A,high,embedded QuickTime creation date; GPS present,A/A_047.m4v,
A_048.jpg,49bf9ee5-d1c6-4d29-83ee-f49bfcdde826.jpg,/Users/Daniel/Downloads/Foto di iCloud/49bf9ee5-d1c6-4d29-83ee-f49bfcdde826.JPEG,/Users/Daniel/Downloads/ANNIVERSARY_2026/compressed_all/set1/49bf9ee5-d1c6-4d29-83ee-f49bfcdde826.jpg,image,,,,,A,user-assigned,user-provided filename hint: 15_NOV.jpg,A/A_048.jpg,15_NOV.jpg
A_049.jpg,40c12620-4ab0-4b2b-a9f2-42f5abd7dfde.jpg,/Users/Daniel/Downloads/Foto di iCloud/40c12620-4ab0-4b2b-a9f2-42f5abd7dfde.HEIC,/Users/Daniel/Downloads/ANNIVERSARY_2026/compressed_all/set1/40c12620-4ab0-4b2b-a9f2-42f5abd7dfde.jpg,image,,,,,A,user-assigned,user-provided filename hint: 20_NOV.jpg,A/A_049.jpg,20_NOV.jpg
A_050.jpg,IMG_0911.jpg,/Users/Daniel/Downloads/Foto di iCloud/IMG_0911.HEIC,/Users/Daniel/Downloads/ANNIVERSARY_2026/compressed_all/set1/IMG_0911.jpg,image,2025-11-20T19:28:55,,43.643153,-79.378738,A,high,embedded EXIF capture date; GPS present,A/A_050.jpg,
A_051.jpg,IMG_0920.jpg,/Users/Daniel/Downloads/Foto di iCloud/IMG_0920.HEIC,/Users/Daniel/Downloads/ANNIVERSARY_2026/compressed_all/set1/IMG_0920.jpg,image,2025-11-20T19:48:29,,43.64325,-79.378892,A,high,embedded EXIF capture date; GPS present,A/A_051.jpg,
A_052.m4v,IMG_0983.m4v,/Users/Daniel/Downloads/Foto di iCloud/IMG_0983.MOV,/Users/Daniel/Downloads/ANNIVERSARY_2026/compressed_all/set1/IMG_0983.m4v,video,2025-11-20T21:40:53,,43.6432,-79.3789,A,high,embedded QuickTime creation date; GPS present,A/A_052.m4v,
A_053.jpg,IMG_1306.jpg,/Users/Daniel/Downloads/Foto di iCloud/IMG_1306.HEIC,/Users/Daniel/Downloads/ANNIVERSARY_2026/compressed_all/set1/IMG_1306.jpg,image,2025-11-23T18:26:04,,43.642045,-79.381583,A,high,embedded EXIF capture date; GPS present,A/A_053.jpg,
A_054.jpg,ca045549-ea8d-4742-96f1-812abe927de5.jpg,/Users/Daniel/Downloads/Foto di iCloud/ca045549-ea8d-4742-96f1-812abe927de5.jpg,/Users/Daniel/Downloads/ANNIVERSARY_2026/compressed_all/set1/ca045549-ea8d-4742-96f1-812abe927de5.jpg,image,,,,,A,user-assigned,user-provided filename hint: 26_NOV.jpg,A/A_054.jpg,26_NOV.jpg
A_055.jpg,IMG_1402.jpg,/Users/Daniel/Downloads/Foto di iCloud/IMG_1402.HEIC,/Users/Daniel/Downloads/ANNIVERSARY_2026/compressed_all/set1/IMG_1402.jpg,image,2025-11-26T20:53:27,,43.6502,-79.376038,A,high,embedded EXIF capture date; GPS present,A/A_055.jpg,
A_056.m4v,c87c6d6f-0964-4b4d-8d5b-7b27f04c3be6.m4v,/Users/Daniel/Downloads/Foto di iCloud/c87c6d6f-0964-4b4d-8d5b-7b27f04c3be6.mp4,/Users/Daniel/Downloads/ANNIVERSARY_2026/compressed_all/set1/c87c6d6f-0964-4b4d-8d5b-7b27f04c3be6.m4v,video,,,,,A,user-assigned,user-provided filename hint: 10_DIC.m4v,A/A_056.m4v,10_DIC.m4v
A_057.jpg,IMG_6749.jpg,/Users/Daniel/Downloads/Foto di iCloud/IMG_6749.JPG,/Users/Daniel/Downloads/ANNIVERSARY_2026/compressed_all/set1/IMG_6749.jpg,image,2025-12-11T17:43:47,,43.649692,-79.378381,A,medium,embedded EXIF capture date; GPS present,A/A_057.jpg,
A_058.m4v,IMG_1859.m4v,/Users/Daniel/Downloads/Foto di iCloud/IMG_1859.MOV,/Users/Daniel/Downloads/ANNIVERSARY_2026/compressed_all/set1/IMG_1859.m4v,video,2025-12-15T20:50:51,,43.642,-79.3816,A,high,embedded QuickTime creation date; GPS present,A/A_058.m4v,
A_059.m4v,IMG_1864.m4v,/Users/Daniel/Downloads/Foto di iCloud/IMG_1864.MOV,/Users/Daniel/Downloads/ANNIVERSARY_2026/compressed_all/set1/IMG_1864.m4v,video,2025-12-16T01:02:11,,43.642,-79.3815,A,high,embedded QuickTime creation date; GPS present,A/A_059.m4v,
A_060.jpg,IMG_1912.jpg,/Users/Daniel/Downloads/Foto di iCloud/IMG_1912.HEIC,/Users/Daniel/Downloads/ANNIVERSARY_2026/compressed_all/set1/IMG_1912.jpg,image,2025-12-18T13:42:10,,43.64865,-79.371545,A,high,embedded EXIF capture date; GPS present,A/A_060.jpg,
A_061.m4v,3a295c32-6d50-4579-a704-5c29ddf9df57.m4v,/Users/Daniel/Downloads/Foto di iCloud/3a295c32-6d50-4579-a704-5c29ddf9df57.mp4,/Users/Daniel/Downloads/ANNIVERSARY_2026/compressed_all/set1/3a295c32-6d50-4579-a704-5c29ddf9df57.m4v,video,,,,,A,user-assigned,user-provided filename hint: 19_DIC.m4v,A/A_061.m4v,19_DIC.m4v
A_062.m4v,d6f997e4-5409-4786-af79-019e657926a6.m4v,/Users/Daniel/Downloads/Foto di iCloud/d6f997e4-5409-4786-af79-019e657926a6.mp4,/Users/Daniel/Downloads/ANNIVERSARY_2026/compressed_all/set1/d6f997e4-5409-4786-af79-019e657926a6.m4v,video,,,,,A,user-assigned,user-provided filename hint: 20_DIC.m4v,A/A_062.m4v,20_DIC.m4v
A_063.jpg,IMG_6882.jpg,/Users/Daniel/Downloads/Foto di iCloud/IMG_6882.JPG,/Users/Daniel/Downloads/ANNIVERSARY_2026/compressed_all/set1/IMG_6882.jpg,image,2025-12-20T20:31:11,,43.653614,-79.379303,A,high,embedded EXIF capture date; GPS present,A/A_063.jpg,
A_064.jpg,IMG_6891.jpg,/Users/Daniel/Downloads/Foto di iCloud/IMG_6891.JPG,/Users/Daniel/Downloads/ANNIVERSARY_2026/compressed_all/set1/IMG_6891.jpg,image,2025-12-21T13:36:29,,43.642033,-79.381517,A,high,embedded EXIF capture date; GPS present,A/A_064.jpg,
A_065.jpg,IMG_2063.jpg,/Users/Daniel/Downloads/Foto di iCloud/IMG_2063.HEIC,/Users/Daniel/Downloads/ANNIVERSARY_2026/compressed_all/set1/IMG_2063.jpg,image,2025-12-23T21:48:28,,43.642022,-79.381538,A,high,embedded EXIF capture date; GPS present,A/A_065.jpg,
A_066.jpg,IMG_7032.jpg,/Users/Daniel/Downloads/Foto di iCloud/IMG_7032.JPG,/Users/Daniel/Downloads/ANNIVERSARY_2026/compressed_all/set1/IMG_7032.jpg,image,2025-12-24T02:49:39,,43.642147,-79.381517,A,high,embedded EXIF capture date; GPS present,A/A_066.jpg,
A_067.jpg,IMG_2088.jpg,/Users/Daniel/Downloads/Foto di iCloud/IMG_2088.HEIC,/Users/Daniel/Downloads/ANNIVERSARY_2026/compressed_all/set1/IMG_2088.jpg,image,2025-12-24T11:20:32,,43.64188,-79.381562,A,high,embedded EXIF capture date; GPS present,A/A_067.jpg,
B_001.jpg,754dec41-1fe1-46db-b508-d471b66fdc52.jpg,/Users/Daniel/Downloads/Foto di iCloud/754dec41-1fe1-46db-b508-d471b66fdc52.HEIC,/Users/Daniel/Downloads/ANNIVERSARY_2026/compressed_all/set1/754dec41-1fe1-46db-b508-d471b66fdc52.jpg,image,,,,,B,user-assigned,user-provided filename hint: 25_DICE.jpg,B/B_001.jpg,25_DICE.jpg
B_002.jpg,IMG_2295.jpg,/Users/Daniel/Downloads/Foto di iCloud/IMG_2295.HEIC,/Users/Daniel/Downloads/ANNIVERSARY_2026/compressed_all/set1/IMG_2295.jpg,image,2025-12-27T13:28:20,,45.363803,10.43212,B,high,embedded EXIF capture date; GPS present,B/B_002.jpg,
B_003.jpg,IMG_7358.jpg,/Users/Daniel/Downloads/Foto di iCloud/IMG_7358.JPG,/Users/Daniel/Downloads/ANNIVERSARY_2026/compressed_all/set1/IMG_7358.jpg,image,2025-12-27T19:20:51,,45.439658,10.993728,B,high,embedded EXIF capture date; GPS present,B/B_003.jpg,
B_004.m4v,IMG_2448.m4v,/Users/Daniel/Downloads/Foto di iCloud/IMG_2448.MOV,/Users/Daniel/Downloads/ANNIVERSARY_2026/compressed_all/set1/IMG_2448.m4v,video,2025-12-31T13:16:46,,45.4667,9.1978,B,high,embedded QuickTime creation date; GPS present,B/B_004.m4v,
B_005.m4v,IMG_2483.m4v,/Users/Daniel/Downloads/Foto di iCloud/IMG_2483.MOV,/Users/Daniel/Downloads/ANNIVERSARY_2026/compressed_all/set1/IMG_2483.m4v,video,2025-12-31T13:53:33,,45.4642,9.1899,B,high,embedded QuickTime creation date; GPS present,B/B_005.m4v,
B_006.m4v,IMG_2552.m4v,/Users/Daniel/Downloads/Foto di iCloud/IMG_2552.MOV,/Users/Daniel/Downloads/ANNIVERSARY_2026/compressed_all/set1/IMG_2552.m4v,video,2026-01-02T17:02:35,,41.8916,12.47,B,high,embedded QuickTime creation date; GPS present,B/B_006.m4v,
B_007.m4v,IMG_2556.m4v,/Users/Daniel/Downloads/Foto di iCloud/IMG_2556.MOV,/Users/Daniel/Downloads/ANNIVERSARY_2026/compressed_all/set1/IMG_2556.m4v,video,2026-01-02T17:32:49,,41.8966,12.4744,B,high,embedded QuickTime creation date; GPS present,B/B_007.m4v,
B_008.jpg,IMG_2582.jpg,/Users/Daniel/Downloads/Foto di iCloud/IMG_2582.HEIC,/Users/Daniel/Downloads/ANNIVERSARY_2026/compressed_all/set1/IMG_2582.jpg,image,2026-01-02T19:52:17,,41.899995,12.479853,B,high,embedded EXIF capture date; GPS present,B/B_008.jpg,
B_009.m4v,IMG_2591.m4v,/Users/Daniel/Downloads/Foto di iCloud/IMG_2591.MOV,/Users/Daniel/Downloads/ANNIVERSARY_2026/compressed_all/set1/IMG_2591.m4v,video,2026-01-02T19:52:28,,41.9,12.4797,B,high,embedded QuickTime creation date; GPS present,B/B_009.m4v,
B_010.m4v,IMG_2592.m4v,/Users/Daniel/Downloads/Foto di iCloud/IMG_2592.MOV,/Users/Daniel/Downloads/ANNIVERSARY_2026/compressed_all/set1/IMG_2592.m4v,video,2026-01-02T19:52:46,,41.9,12.4799,B,high,embedded QuickTime creation date; GPS present,B/B_010.m4v,
B_011.jpg,IMG_2606.jpg,/Users/Daniel/Downloads/Foto di iCloud/IMG_2606.HEIC,/Users/Daniel/Downloads/ANNIVERSARY_2026/compressed_all/set1/IMG_2606.jpg,image,2026-01-02T20:18:35,,41.900683,12.48367,B,high,embedded EXIF capture date; GPS present,B/B_011.jpg,
B_012.m4v,IMG_2653.m4v,/Users/Daniel/Downloads/Foto di iCloud/IMG_2653.MOV,/Users/Daniel/Downloads/ANNIVERSARY_2026/compressed_all/set1/IMG_2653.m4v,video,2026-01-02T21:24:53,,41.8881,12.4777,B,high,embedded QuickTime creation date; GPS present,B/B_012.m4v,
B_013.jpg,IMG_2669.jpg,/Users/Daniel/Downloads/Foto di iCloud/IMG_2669.HEIC,/Users/Daniel/Downloads/ANNIVERSARY_2026/compressed_all/set1/IMG_2669.jpg,image,2026-01-02T22:13:41,,41.889275,12.476537,B,high,embedded EXIF capture date; GPS present,B/B_013.jpg,
B_014.jpg,IMG_2701.jpg,/Users/Daniel/Downloads/Foto di iCloud/IMG_2701.HEIC,/Users/Daniel/Downloads/ANNIVERSARY_2026/compressed_all/set1/IMG_2701.jpg,image,2026-01-03T12:04:58,,41.899475,12.46755,B,high,embedded EXIF capture date; GPS present,B/B_014.jpg,
B_015.m4v,IMG_2745.m4v,/Users/Daniel/Downloads/Foto di iCloud/IMG_2745.MOV,/Users/Daniel/Downloads/ANNIVERSARY_2026/compressed_all/set1/IMG_2745.m4v,video,2026-01-03T15:58:57,,41.9057,12.4706,B,high,embedded QuickTime creation date; GPS present,B/B_015.m4v,
B_016.jpg,IMG_2830.jpg,/Users/Daniel/Downloads/Foto di iCloud/IMG_2830.HEIC,/Users/Daniel/Downloads/ANNIVERSARY_2026/compressed_all/set1/IMG_2830.jpg,image,2026-01-04T08:21:53,,41.902983,12.458087,B,high,embedded EXIF capture date; GPS present,B/B_016.jpg,
B_017.m4v,IMG_2838.m4v,/Users/Daniel/Downloads/Foto di iCloud/IMG_2838.MOV,/Users/Daniel/Downloads/ANNIVERSARY_2026/compressed_all/set1/IMG_2838.m4v,video,2026-01-04T08:52:42,,41.9015,12.4536,B,high,embedded QuickTime creation date; GPS present,B/B_017.m4v,
B_018.jpg,IMG_2894.jpg,/Users/Daniel/Downloads/Foto di iCloud/IMG_2894.HEIC,/Users/Daniel/Downloads/ANNIVERSARY_2026/compressed_all/set1/IMG_2894.jpg,image,2026-01-04T10:16:31,,41.902138,12.453772,B,high,embedded EXIF capture date; GPS present,B/B_018.jpg,
B_019.jpg,IMG_2956.jpg,/Users/Daniel/Downloads/Foto di iCloud/IMG_2956.HEIC,/Users/Daniel/Downloads/ANNIVERSARY_2026/compressed_all/set1/IMG_2956.jpg,image,2026-01-05T12:30:42,,45.363872,10.431817,B,high,embedded EXIF capture date; GPS present,B/B_019.jpg,
B_020.jpg,IMG_2970.jpg,/Users/Daniel/Downloads/Foto di iCloud/IMG_2970.HEIC,/Users/Daniel/Downloads/ANNIVERSARY_2026/compressed_all/set1/IMG_2970.jpg,image,2026-01-05T13:41:16,,45.364205,10.432383,B,high,embedded EXIF capture date; GPS present,B/B_020.jpg,
B_021.jpg,IMG_2351.jpg,/Users/Daniel/Downloads/Foto di iCloud/IMG_2351.JPEG,/Users/Daniel/Downloads/ANNIVERSARY_2026/compressed_all/set1/IMG_2351.jpg,image,,2026-04-15T09:28:56,,,B,low,inferred: bracketed by IMG_2336/IMG_2367 (IMG number proximity to dated media); no embedded date/GPS,B/B_021.jpg,
C_001.jpg,IMG_5167.jpg,/Users/Daniel/Downloads/Foto di iCloud/IMG_5167.HEIC,/Users/Daniel/Downloads/ANNIVERSARY_2026/compressed_all/set1/IMG_5167.jpg,image,,2025-10-25T17:48:12,,,C,low,inferred: bracketed by IMG_5147/IMG_5249 (IMG number proximity to dated media); no embedded date/GPS,C/C_001.jpg,
C_002.jpg,IMG_3953.jpg,/Users/Daniel/Downloads/Foto di iCloud/IMG_3953.JPEG,/Users/Daniel/Downloads/ANNIVERSARY_2026/compressed_all/set1/IMG_3953.jpg,image,2026-02-03T03:52:57,,,,C,medium,embedded capture timestamp,C/C_002.jpg,
C_003.jpg,IMG_4656.jpg,/Users/Daniel/Downloads/Foto di iCloud/IMG_4656.PNG,/Users/Daniel/Downloads/ANNIVERSARY_2026/compressed_all/set1/IMG_4656.jpg,image,2026-02-16T17:57:31,,,,C,high,embedded capture timestamp,C/C_003.jpg,
C_004.jpg,IMG_5143.jpg,/Users/Daniel/Downloads/Foto di iCloud/IMG_5143.PNG,/Users/Daniel/Downloads/ANNIVERSARY_2026/compressed_all/set1/IMG_5143.jpg,image,2026-02-26T13:35:10,,,,C,high,embedded capture timestamp,C/C_004.jpg,
C_005.jpg,IMG_5587.jpg,/Users/Daniel/Downloads/Foto di iCloud/IMG_5587.PNG,/Users/Daniel/Downloads/ANNIVERSARY_2026/compressed_all/set1/IMG_5587.jpg,image,2026-03-05T16:17:46,,,,C,high,embedded EXIF capture date,C/C_005.jpg,
C_006.jpg,IMG_5659.jpg,/Users/Daniel/Downloads/Foto di iCloud/IMG_5659.JPEG,/Users/Daniel/Downloads/ANNIVERSARY_2026/compressed_all/set1/IMG_5659.jpg,image,2026-03-08T16:53:02,,,,C,high,embedded EXIF capture date,C/C_006.jpg,
C_007.jpg,IMG_5661.jpg,/Users/Daniel/Downloads/Foto di iCloud/IMG_5661.PNG,/Users/Daniel/Downloads/ANNIVERSARY_2026/compressed_all/set1/IMG_5661.jpg,image,2026-03-08T16:58:26,,,,C,high,embedded EXIF capture date,C/C_007.jpg,
C_008.jpg,IMG_5871.jpg,/Users/Daniel/Downloads/Foto di iCloud/IMG_5871.PNG,/Users/Daniel/Downloads/ANNIVERSARY_2026/compressed_all/set1/IMG_5871.jpg,image,2026-03-15T15:43:58,,,,C,high,embedded EXIF capture date,C/C_008.jpg,
C_009.jpg,IMG_5877.jpg,/Users/Daniel/Downloads/Foto di iCloud/IMG_5877.PNG,/Users/Daniel/Downloads/ANNIVERSARY_2026/compressed_all/set1/IMG_5877.jpg,image,2026-03-15T15:51:44,,,,C,high,embedded EXIF capture date,C/C_009.jpg,
C_010.jpg,IMG_5886.jpg,/Users/Daniel/Downloads/Foto di iCloud/IMG_5886.HEIC,/Users/Daniel/Downloads/ANNIVERSARY_2026/compressed_all/set1/IMG_5886.jpg,image,,2026-03-15T15:51:44,,,C,low,inferred: bracketed by IMG_5877/IMG_5975 (IMG number proximity to dated media); no embedded date/GPS,C/C_010.jpg,
C_011.jpg,IMG_5975.jpg,/Users/Daniel/Downloads/Foto di iCloud/IMG_5975.PNG,/Users/Daniel/Downloads/ANNIVERSARY_2026/compressed_all/set1/IMG_5975.jpg,image,2026-03-17T11:38:13,,,,C,high,embedded EXIF capture date,C/C_011.jpg,
C_012.jpg,IMG_6094.jpg,/Users/Daniel/Downloads/Foto di iCloud/IMG_6094.PNG,/Users/Daniel/Downloads/ANNIVERSARY_2026/compressed_all/set1/IMG_6094.jpg,image,2026-03-19T10:10:46,,,,C,high,embedded EXIF capture date,C/C_012.jpg,
C_013.jpg,IMG_6176.jpg,/Users/Daniel/Downloads/Foto di iCloud/IMG_6176.PNG,/Users/Daniel/Downloads/ANNIVERSARY_2026/compressed_all/set1/IMG_6176.jpg,image,2026-03-22T22:16:10,,,,C,high,embedded EXIF capture date,C/C_013.jpg,
C_014.jpg,IMG_6202.jpg,/Users/Daniel/Downloads/Foto di iCloud/IMG_6202.PNG,/Users/Daniel/Downloads/ANNIVERSARY_2026/compressed_all/set1/IMG_6202.jpg,image,2026-03-23T18:14:28,,,,C,high,embedded EXIF capture date,C/C_014.jpg,
C_015.jpg,IMG_6351.jpg,/Users/Daniel/Downloads/Foto di iCloud/IMG_6351.PNG,/Users/Daniel/Downloads/ANNIVERSARY_2026/compressed_all/set1/IMG_6351.jpg,image,2026-03-27T18:52:25,,,,C,high,embedded EXIF capture date,C/C_015.jpg,
C_016.jpg,IMG_6412.jpg,/Users/Daniel/Downloads/Foto di iCloud/IMG_6412.PNG,/Users/Daniel/Downloads/ANNIVERSARY_2026/compressed_all/set1/IMG_6412.jpg,image,2026-03-28T18:10:37,,,,C,high,embedded EXIF capture date,C/C_016.jpg,
C_017.jpg,IMG_6714.jpg,/Users/Daniel/Downloads/Foto di iCloud/IMG_6714.PNG,/Users/Daniel/Downloads/ANNIVERSARY_2026/compressed_all/set1/IMG_6714.jpg,image,2026-04-03T15:10:57,,,,C,medium,embedded EXIF capture date,C/C_017.jpg,
C_018.jpg,IMG_6829.jpg,/Users/Daniel/Downloads/Foto di iCloud/IMG_6829.PNG,/Users/Daniel/Downloads/ANNIVERSARY_2026/compressed_all/set1/IMG_6829.jpg,image,2026-04-04T18:01:35,,,,C,medium,embedded EXIF capture date,C/C_018.jpg,
C_019.jpg,4fea9cfa-1317-4ed5-9ef8-b8dda8592093.jpg,/Users/Daniel/Downloads/Foto di iCloud/4fea9cfa-1317-4ed5-9ef8-b8dda8592093.jpg,/Users/Daniel/Downloads/ANNIVERSARY_2026/compressed_all/set1/4fea9cfa-1317-4ed5-9ef8-b8dda8592093.jpg,image,,,,,C,user-assigned,user-provided filename hint: VA_IN_C.jpg,C/C_019.jpg,VA_IN_C.jpg
C_020.m4v,e9dc7a8b-c50e-41f1-b319-73a2e34be146.m4v,/Users/Daniel/Downloads/Foto di iCloud/e9dc7a8b-c50e-41f1-b319-73a2e34be146.mp4,/Users/Daniel/Downloads/ANNIVERSARY_2026/compressed_all/set1/e9dc7a8b-c50e-41f1-b319-73a2e34be146.m4v,video,,,,,C,user-assigned,user-provided filename hint: VA_IN_C.m4v,C/C_020.m4v,VA_IN_C.m4v
C_021.jpg,5f8be826-ae90-40b9-8f4b-a4d00d5c1448.jpg,/Users/Daniel/Downloads/Foto di iCloud/5f8be826-ae90-40b9-8f4b-a4d00d5c1448.jpg,/Users/Daniel/Downloads/ANNIVERSARY_2026/compressed_all/set1/5f8be826-ae90-40b9-8f4b-a4d00d5c1448.jpg,image,,,,,C,user-assigned,user-provided filename hint: VA_IN_C_10.jpg,C/C_021.jpg,VA_IN_C_10.jpg
C_022.jpg,5c4a27c9-97ad-40a3-8006-61558ae75413.jpg,/Users/Daniel/Downloads/Foto di iCloud/5c4a27c9-97ad-40a3-8006-61558ae75413.jpg,/Users/Daniel/Downloads/ANNIVERSARY_2026/compressed_all/set1/5c4a27c9-97ad-40a3-8006-61558ae75413.jpg,image,,,,,C,user-assigned,user-provided filename hint: VA_IN_C_11.jpg,C/C_022.jpg,VA_IN_C_11.jpg
C_023.jpg,5b2ec9f0-a165-4c8f-96a6-ec3aa8593399.jpg,/Users/Daniel/Downloads/Foto di iCloud/5b2ec9f0-a165-4c8f-96a6-ec3aa8593399.jpg,/Users/Daniel/Downloads/ANNIVERSARY_2026/compressed_all/set1/5b2ec9f0-a165-4c8f-96a6-ec3aa8593399.jpg,image,,,,,C,user-assigned,user-provided filename hint: VA_IN_C_12.jpg,C/C_023.jpg,VA_IN_C_12.jpg
C_024.m4v,537a898c-24e9-4221-b1fb-7159a8832d3e.m4v,/Users/Daniel/Downloads/Foto di iCloud/537a898c-24e9-4221-b1fb-7159a8832d3e.mp4,/Users/Daniel/Downloads/ANNIVERSARY_2026/compressed_all/set1/537a898c-24e9-4221-b1fb-7159a8832d3e.m4v,video,,,,,C,user-assigned,user-provided filename hint: VA_IN_C_13.m4v,C/C_024.m4v,VA_IN_C_13.m4v
C_025.jpg,5260002e-f106-4131-99f3-da05933941e9.jpg,/Users/Daniel/Downloads/Foto di iCloud/5260002e-f106-4131-99f3-da05933941e9.jpg,/Users/Daniel/Downloads/ANNIVERSARY_2026/compressed_all/set1/5260002e-f106-4131-99f3-da05933941e9.jpg,image,,,,,C,user-assigned,user-provided filename hint: VA_IN_C_14.jpg,C/C_025.jpg,VA_IN_C_14.jpg
C_026.jpg,bd10232c-caa1-4c41-956a-0ed1e0f61d49.jpg,/Users/Daniel/Downloads/Foto di iCloud/bd10232c-caa1-4c41-956a-0ed1e0f61d49.jpg,/Users/Daniel/Downloads/ANNIVERSARY_2026/compressed_all/set1/bd10232c-caa1-4c41-956a-0ed1e0f61d49.jpg,image,,,,,C,user-assigned,user-provided filename hint: VA_IN_C_2.jpg,C/C_026.jpg,VA_IN_C_2.jpg
C_027.jpg,bb3cd240-0e0b-4596-9ca7-fdd8ab056fd9.jpg,/Users/Daniel/Downloads/Foto di iCloud/bb3cd240-0e0b-4596-9ca7-fdd8ab056fd9.jpg,/Users/Daniel/Downloads/ANNIVERSARY_2026/compressed_all/set1/bb3cd240-0e0b-4596-9ca7-fdd8ab056fd9.jpg,image,,,,,C,user-assigned,user-provided filename hint: VA_IN_C_3.jpg,C/C_027.jpg,VA_IN_C_3.jpg
C_028.jpg,e6a378b8-1815-4f46-96e3-f09b297d2436.jpg,/Users/Daniel/Downloads/Foto di iCloud/e6a378b8-1815-4f46-96e3-f09b297d2436.jpg,/Users/Daniel/Downloads/ANNIVERSARY_2026/compressed_all/set1/e6a378b8-1815-4f46-96e3-f09b297d2436.jpg,image,,,,,C,user-assigned,user-provided filename hint: VA_IN_C_4.jpg,C/C_028.jpg,VA_IN_C_4.jpg
C_029.jpg,97d95fc7-ea38-4502-891d-8f1bfd7405ff.jpg,/Users/Daniel/Downloads/Foto di iCloud/97d95fc7-ea38-4502-891d-8f1bfd7405ff.jpg,/Users/Daniel/Downloads/ANNIVERSARY_2026/compressed_all/set1/97d95fc7-ea38-4502-891d-8f1bfd7405ff.jpg,image,,,,,C,user-assigned,user-provided filename hint: VA_IN_C_5.jpg,C/C_029.jpg,VA_IN_C_5.jpg
C_030.jpg,8d8e9243-73fb-42e4-b6c1-996ae9f43c03.jpg,/Users/Daniel/Downloads/Foto di iCloud 2/8d8e9243-73fb-42e4-b6c1-996ae9f43c03.jpg,/Users/Daniel/Downloads/ANNIVERSARY_2026/compressed_all/set2/8d8e9243-73fb-42e4-b6c1-996ae9f43c03.jpg,image,,,,,C,user-assigned,user-provided filename hint: VA_IN_C_6.jpg,C/C_030.jpg,VA_IN_C_6.jpg
C_031.jpg,80a84607-f284-4c0b-ba98-7952d28bc950.jpg,/Users/Daniel/Downloads/Foto di iCloud/80a84607-f284-4c0b-ba98-7952d28bc950.jpg,/Users/Daniel/Downloads/ANNIVERSARY_2026/compressed_all/set1/80a84607-f284-4c0b-ba98-7952d28bc950.jpg,image,,,,,C,user-assigned,user-provided filename hint: VA_IN_C_7.jpg,C/C_031.jpg,VA_IN_C_7.jpg
C_032.jpg,694fa22e-4c12-4052-8e9d-6308671c40f9.jpg,/Users/Daniel/Downloads/Foto di iCloud/694fa22e-4c12-4052-8e9d-6308671c40f9.jpg,/Users/Daniel/Downloads/ANNIVERSARY_2026/compressed_all/set1/694fa22e-4c12-4052-8e9d-6308671c40f9.jpg,image,,,,,C,user-assigned,user-provided filename hint: VA_IN_C_8.jpg,C/C_032.jpg,VA_IN_C_8.jpg
C_033.jpg,66f4b703-3515-4be6-8e78-3522f1a6c16b.jpg,/Users/Daniel/Downloads/Foto di iCloud/66f4b703-3515-4be6-8e78-3522f1a6c16b.JPEG,/Users/Daniel/Downloads/ANNIVERSARY_2026/compressed_all/set1/66f4b703-3515-4be6-8e78-3522f1a6c16b.jpg,image,,,,,C,user-assigned,user-provided filename hint: VA_IN_C_9.jpg,C/C_033.jpg,VA_IN_C_9.jpg
D_001.jpg,IMG_0694.jpg,/Users/Daniel/Downloads/Foto di iCloud/IMG_0694.JPG,/Users/Daniel/Downloads/ANNIVERSARY_2026/compressed_all/set1/IMG_0694.jpg,image,2026-04-07T12:09:05,,35.173125,128.947647,D,high,embedded EXIF capture date; GPS present,D/D_001.jpg,
D_002.jpg,IMG_7450.jpg,/Users/Daniel/Downloads/Foto di iCloud/IMG_7450.HEIC,/Users/Daniel/Downloads/ANNIVERSARY_2026/compressed_all/set1/IMG_7450.jpg,image,2026-04-07T16:18:17,,35.131642,129.053483,D,high,embedded EXIF capture date; GPS present,D/D_002.jpg,
D_003.jpg,IMG_7496.jpg,/Users/Daniel/Downloads/Foto di iCloud/IMG_7496.HEIC,/Users/Daniel/Downloads/ANNIVERSARY_2026/compressed_all/set1/IMG_7496.jpg,image,2026-04-07T23:32:32,,35.131656,129.053467,D,high,embedded EXIF capture date; GPS present,D/D_003.jpg,
D_004.jpg,IMG_7523.jpg,/Users/Daniel/Downloads/Foto di iCloud/IMG_7523.HEIC,/Users/Daniel/Downloads/ANNIVERSARY_2026/compressed_all/set1/IMG_7523.jpg,image,2026-04-08T00:17:31,,35.131656,129.053467,D,high,embedded EXIF capture date; GPS present,D/D_004.jpg,
D_005.jpg,IMG_7586.jpg,/Users/Daniel/Downloads/Foto di iCloud/IMG_7586.HEIC,/Users/Daniel/Downloads/ANNIVERSARY_2026/compressed_all/set1/IMG_7586.jpg,image,2026-04-08T15:51:08,,35.188697,129.22322,D,high,embedded EXIF capture date; GPS present,D/D_005.jpg,
D_006.jpg,IMG_7678.jpg,/Users/Daniel/Downloads/Foto di iCloud/IMG_7678.HEIC,/Users/Daniel/Downloads/ANNIVERSARY_2026/compressed_all/set1/IMG_7678.jpg,image,2026-04-08T16:26:28,,35.189403,129.221358,D,high,embedded EXIF capture date; GPS present,D/D_006.jpg,
D_007.m4v,IMG_7729.m4v,/Users/Daniel/Downloads/Foto di iCloud/IMG_7729.MOV,/Users/Daniel/Downloads/ANNIVERSARY_2026/compressed_all/set1/IMG_7729.m4v,video,2026-04-08T17:40:14,,35.1593,129.1668,D,high,embedded QuickTime creation date; GPS present,D/D_007.m4v,
D_008.m4v,IMG_7749.m4v,/Users/Daniel/Downloads/Foto di iCloud/IMG_7749.MOV,/Users/Daniel/Downloads/ANNIVERSARY_2026/compressed_all/set1/IMG_7749.m4v,video,2026-04-09T02:02:25,,35.1317,129.0535,D,high,embedded QuickTime creation date; GPS present,D/D_008.m4v,
D_009.jpg,IMG_7771.jpg,/Users/Daniel/Downloads/Foto di iCloud/IMG_7771.HEIC,/Users/Daniel/Downloads/ANNIVERSARY_2026/compressed_all/set1/IMG_7771.jpg,image,2026-04-09T08:16:18,,35.17147,128.946197,D,high,embedded EXIF capture date; GPS present,D/D_009.jpg,
D_010.jpg,IMG_7784.jpg,/Users/Daniel/Downloads/Foto di iCloud/IMG_7784.HEIC,/Users/Daniel/Downloads/ANNIVERSARY_2026/compressed_all/set1/IMG_7784.jpg,image,2026-04-09T12:06:04,,34.603692,135.573242,D,high,embedded EXIF capture date; GPS present,D/D_010.jpg,
D_011.jpg,IMG_7804.jpg,/Users/Daniel/Downloads/Foto di iCloud/IMG_7804.HEIC,/Users/Daniel/Downloads/ANNIVERSARY_2026/compressed_all/set1/IMG_7804.jpg,image,2026-04-09T14:41:32,,34.99488,135.772628,D,high,embedded EXIF capture date; GPS present,D/D_011.jpg,
D_012.m4v,IMG_7821.m4v,/Users/Daniel/Downloads/Foto di iCloud/IMG_7821.MOV,/Users/Daniel/Downloads/ANNIVERSARY_2026/compressed_all/set1/IMG_7821.m4v,video,2026-04-09T15:21:07,,35.005,135.7665,D,high,embedded QuickTime creation date; GPS present,D/D_012.m4v,
D_013.jpg,IMG_7855.jpg,/Users/Daniel/Downloads/Foto di iCloud/IMG_7855.HEIC,/Users/Daniel/Downloads/ANNIVERSARY_2026/compressed_all/set1/IMG_7855.jpg,image,2026-04-09T16:06:59,,35.005036,135.766067,D,high,embedded EXIF capture date; GPS present,D/D_013.jpg,
D_014.jpg,IMG_7872.jpg,/Users/Daniel/Downloads/Foto di iCloud/IMG_7872.HEIC,/Users/Daniel/Downloads/ANNIVERSARY_2026/compressed_all/set1/IMG_7872.jpg,image,2026-04-09T16:35:26,,35.005031,135.765853,D,high,embedded EXIF capture date; GPS present,D/D_014.jpg,
D_015.m4v,IMG_7896.m4v,/Users/Daniel/Downloads/Foto di iCloud/IMG_7896.MOV,/Users/Daniel/Downloads/ANNIVERSARY_2026/compressed_all/set1/IMG_7896.m4v,video,2026-04-09T19:11:20,,34.9947,135.7726,D,high,embedded QuickTime creation date; GPS present,D/D_015.m4v,
D_016.m4v,IMG_7929.m4v,/Users/Daniel/Downloads/Foto di iCloud/IMG_7929.MOV,/Users/Daniel/Downloads/ANNIVERSARY_2026/compressed_all/set1/IMG_7929.m4v,video,2026-04-10T08:27:52,,35.0002,135.7702,D,high,embedded QuickTime creation date; GPS present,D/D_016.m4v,
D_017.m4v,IMG_7934.m4v,/Users/Daniel/Downloads/Foto di iCloud/IMG_7934.MOV,/Users/Daniel/Downloads/ANNIVERSARY_2026/compressed_all/set1/IMG_7934.m4v,video,2026-04-10T08:51:41,,35.0039,135.7723,D,high,embedded QuickTime creation date; GPS present,D/D_017.m4v,
D_018.m4v,IMG_7982.m4v,/Users/Daniel/Downloads/Foto di iCloud/IMG_7982.MOV,/Users/Daniel/Downloads/ANNIVERSARY_2026/compressed_all/set1/IMG_7982.m4v,video,2026-04-10T09:48:39,,35.0048,135.7832,D,high,embedded QuickTime creation date; GPS present,D/D_018.m4v,
D_019.m4v,IMG_2057.m4v,/Users/Daniel/Downloads/Foto di iCloud/IMG_2057.MP4,/Users/Daniel/Downloads/ANNIVERSARY_2026/compressed_all/set1/IMG_2057.m4v,video,2026-04-10T10:43:12,,34.9983,135.7809,D,high,embedded QuickTime creation date; GPS present,D/D_019.m4v,
D_020.m4v,IMG_7983.m4v,/Users/Daniel/Downloads/Foto di iCloud/IMG_7983.MOV,/Users/Daniel/Downloads/ANNIVERSARY_2026/compressed_all/set1/IMG_7983.m4v,video,2026-04-10T10:57:20,,34.9974,135.7811,D,high,embedded QuickTime creation date; GPS present,D/D_020.m4v,
D_021.m4v,IMG_7990.m4v,/Users/Daniel/Downloads/Foto di iCloud/IMG_7990.MOV,/Users/Daniel/Downloads/ANNIVERSARY_2026/compressed_all/set1/IMG_7990.m4v,video,2026-04-10T10:57:44,,34.9974,135.7811,D,high,embedded QuickTime creation date; GPS present,D/D_021.m4v,
D_022.m4v,IMG_2113.m4v,/Users/Daniel/Downloads/Foto di iCloud/IMG_2113.MP4,/Users/Daniel/Downloads/ANNIVERSARY_2026/compressed_all/set1/IMG_2113.m4v,video,2026-04-10T11:10:51,,34.9966,135.7809,D,high,embedded QuickTime creation date; GPS present,D/D_022.m4v,
D_023.jpg,IMG_2126.jpg,/Users/Daniel/Downloads/Foto di iCloud/IMG_2126.JPG,/Users/Daniel/Downloads/ANNIVERSARY_2026/compressed_all/set1/IMG_2126.jpg,image,2026-04-10T11:18:37,,34.996042,135.781158,D,high,embedded EXIF capture date; GPS present,D/D_023.jpg,
D_024.jpg,IMG_8133.jpg,/Users/Daniel/Downloads/Foto di iCloud/IMG_8133.HEIC,/Users/Daniel/Downloads/ANNIVERSARY_2026/compressed_all/set1/IMG_8133.jpg,image,2026-04-10T12:36:21,,35.000839,135.778105,D,high,embedded EXIF capture date; GPS present,D/D_024.jpg,
D_025.m4v,IMG_8156.m4v,/Users/Daniel/Downloads/Foto di iCloud/IMG_8156.MOV,/Users/Daniel/Downloads/ANNIVERSARY_2026/compressed_all/set1/IMG_8156.m4v,video,2026-04-10T14:28:18,,34.9946,135.7734,D,high,embedded QuickTime creation date; GPS present,D/D_025.m4v,
D_026.m4v,IMG_8162.m4v,/Users/Daniel/Downloads/Foto di iCloud/IMG_8162.MOV,/Users/Daniel/Downloads/ANNIVERSARY_2026/compressed_all/set1/IMG_8162.m4v,video,2026-04-10T16:12:57,,34.9947,135.7726,D,high,embedded QuickTime creation date; GPS present,D/D_026.m4v,
D_027.m4v,IMG_2162.m4v,/Users/Daniel/Downloads/Foto di iCloud/IMG_2162.MP4,/Users/Daniel/Downloads/ANNIVERSARY_2026/compressed_all/set1/IMG_2162.m4v,video,2026-04-10T16:15:36,,34.9946,135.7725,D,high,embedded QuickTime creation date; GPS present,D/D_027.m4v,
D_028.m4v,IMG_8312.m4v,/Users/Daniel/Downloads/Foto di iCloud/IMG_8312.MOV,/Users/Daniel/Downloads/ANNIVERSARY_2026/compressed_all/set1/IMG_8312.m4v,video,2026-04-10T18:36:50,,34.967,135.771,D,high,embedded QuickTime creation date; GPS present,D/D_028.m4v,
D_029.m4v,IMG_8314.m4v,/Users/Daniel/Downloads/Foto di iCloud/IMG_8314.MOV,/Users/Daniel/Downloads/ANNIVERSARY_2026/compressed_all/set1/IMG_8314.m4v,video,2026-04-10T18:40:33,,34.9671,135.7709,D,high,embedded QuickTime creation date; GPS present,D/D_029.m4v,
D_030.m4v,IMG_8320.m4v,/Users/Daniel/Downloads/Foto di iCloud/IMG_8320.MOV,/Users/Daniel/Downloads/ANNIVERSARY_2026/compressed_all/set1/IMG_8320.m4v,video,2026-04-10T20:17:58,,34.9985,135.7722,D,high,embedded QuickTime creation date; GPS present,D/D_030.m4v,
D_031.jpg,IMG_8361.jpg,/Users/Daniel/Downloads/Foto di iCloud/IMG_8361.HEIC,/Users/Daniel/Downloads/ANNIVERSARY_2026/compressed_all/set1/IMG_8361.jpg,image,2026-04-11T10:38:43,,34.995995,135.780272,D,high,embedded EXIF capture date; GPS present,D/D_031.jpg,
D_032.m4v,IMG_8375.m4v,/Users/Daniel/Downloads/Foto di iCloud/IMG_8375.MOV,/Users/Daniel/Downloads/ANNIVERSARY_2026/compressed_all/set1/IMG_8375.m4v,video,2026-04-11T10:48:38,,34.9962,135.7808,D,high,embedded QuickTime creation date; GPS present,D/D_032.m4v,
D_033.m4v,IMG_8376.m4v,/Users/Daniel/Downloads/Foto di iCloud/IMG_8376.MOV,/Users/Daniel/Downloads/ANNIVERSARY_2026/compressed_all/set1/IMG_8376.m4v,video,2026-04-11T10:51:34,,34.9961,135.7807,D,high,embedded QuickTime creation date; GPS present,D/D_033.m4v,
D_034.jpg,IMG_8377.jpg,/Users/Daniel/Downloads/Foto di iCloud/IMG_8377.HEIC,/Users/Daniel/Downloads/ANNIVERSARY_2026/compressed_all/set1/IMG_8377.jpg,image,2026-04-11T10:56:32,,34.996055,135.780717,D,high,embedded EXIF capture date; GPS present,D/D_034.jpg,
D_035.jpg,IMG_2214.jpg,/Users/Daniel/Downloads/Foto di iCloud/IMG_2214.JPG,/Users/Daniel/Downloads/ANNIVERSARY_2026/compressed_all/set1/IMG_2214.jpg,image,2026-04-11T11:28:33,,34.996022,135.781386,D,high,embedded EXIF capture date; GPS present,D/D_035.jpg,
D_036.jpg,IMG_8439.jpg,/Users/Daniel/Downloads/Foto di iCloud/IMG_8439.HEIC,/Users/Daniel/Downloads/ANNIVERSARY_2026/compressed_all/set1/IMG_8439.jpg,image,,2026-04-11T12:17:29,,,D,low,inferred: bracketed by IMG_8377/IMG_8445 (IMG number proximity to dated media); no embedded date/GPS,D/D_036.jpg,
D_037.m4v,IMG_8445.m4v,/Users/Daniel/Downloads/Foto di iCloud/IMG_8445.MOV,/Users/Daniel/Downloads/ANNIVERSARY_2026/compressed_all/set1/IMG_8445.m4v,video,2026-04-11T12:17:29,,34.9984,135.7772,D,high,embedded QuickTime creation date; GPS present,D/D_037.m4v,
D_038.m4v,IMG_8458.m4v,/Users/Daniel/Downloads/Foto di iCloud/IMG_8458.MOV,/Users/Daniel/Downloads/ANNIVERSARY_2026/compressed_all/set1/IMG_8458.m4v,video,2026-04-11T13:14:59,,34.9965,135.7768,D,high,embedded QuickTime creation date; GPS present,D/D_038.m4v,
D_039.m4v,IMG_8477.m4v,/Users/Daniel/Downloads/Foto di iCloud/IMG_8477.MOV,/Users/Daniel/Downloads/ANNIVERSARY_2026/compressed_all/set1/IMG_8477.m4v,video,2026-04-11T16:34:05,,34.6816,135.5015,D,high,embedded QuickTime creation date; GPS present,D/D_039.m4v,
D_040.jpg,IMG_8497.jpg,/Users/Daniel/Downloads/Foto di iCloud/IMG_8497.HEIC,/Users/Daniel/Downloads/ANNIVERSARY_2026/compressed_all/set1/IMG_8497.jpg,image,,2026-04-11T16:34:05,,,D,low,inferred: bracketed by IMG_8477/IMG_8535 (IMG number proximity to dated media); no embedded date/GPS,D/D_040.jpg,
D_041.m4v,IMG_8535.m4v,/Users/Daniel/Downloads/Foto di iCloud/IMG_8535.MOV,/Users/Daniel/Downloads/ANNIVERSARY_2026/compressed_all/set1/IMG_8535.m4v,video,2026-04-11T20:33:22,,34.6689,135.5014,D,high,embedded QuickTime creation date; GPS present,D/D_041.m4v,
D_042.jpg,IMG_8577.jpg,/Users/Daniel/Downloads/Foto di iCloud/IMG_8577.HEIC,/Users/Daniel/Downloads/ANNIVERSARY_2026/compressed_all/set1/IMG_8577.jpg,image,2026-04-12T12:21:03,,34.679087,135.50453,D,high,embedded EXIF capture date; GPS present,D/D_042.jpg,
D_043.jpg,IMG_8582.jpg,/Users/Daniel/Downloads/Foto di iCloud/IMG_8582.HEIC,/Users/Daniel/Downloads/ANNIVERSARY_2026/compressed_all/set1/IMG_8582.jpg,image,2026-04-12T12:30:34,,34.6781,135.506212,D,high,embedded EXIF capture date; GPS present,D/D_043.jpg,
D_044.jpg,IMG_8591.jpg,/Users/Daniel/Downloads/Foto di iCloud/IMG_8591.HEIC,/Users/Daniel/Downloads/ANNIVERSARY_2026/compressed_all/set1/IMG_8591.jpg,image,2026-04-12T12:51:55,,34.677075,135.506395,D,high,embedded EXIF capture date; GPS present,D/D_044.jpg,
D_045.m4v,IMG_8611.m4v,/Users/Daniel/Downloads/Foto di iCloud/IMG_8611.MOV,/Users/Daniel/Downloads/ANNIVERSARY_2026/compressed_all/set1/IMG_8611.m4v,video,2026-04-12T14:36:57,,34.6845,135.8274,D,high,embedded QuickTime creation date; GPS present,D/D_045.m4v,
D_046.m4v,IMG_8614.m4v,/Users/Daniel/Downloads/Foto di iCloud/IMG_8614.MOV,/Users/Daniel/Downloads/ANNIVERSARY_2026/compressed_all/set1/IMG_8614.m4v,video,2026-04-12T15:03:56,,34.6857,135.8399,D,high,embedded QuickTime creation date; GPS present,D/D_046.m4v,
D_047.jpg,IMG_8633.jpg,/Users/Daniel/Downloads/Foto di iCloud/IMG_8633.HEIC,/Users/Daniel/Downloads/ANNIVERSARY_2026/compressed_all/set1/IMG_8633.jpg,image,2026-04-12T15:59:24,,34.689095,135.844147,D,high,embedded EXIF capture date; GPS present,D/D_047.jpg,
D_048.m4v,IMG_2257.m4v,/Users/Daniel/Downloads/Foto di iCloud/IMG_2257.MP4,/Users/Daniel/Downloads/ANNIVERSARY_2026/compressed_all/set1/IMG_2257.m4v,video,2026-04-12T16:12:08,,34.6892,135.8441,D,high,embedded QuickTime creation date; GPS present,D/D_048.m4v,
D_049.m4v,IMG_8655.m4v,/Users/Daniel/Downloads/Foto di iCloud/IMG_8655.MOV,/Users/Daniel/Downloads/ANNIVERSARY_2026/compressed_all/set1/IMG_8655.m4v,video,2026-04-12T16:26:55,,34.6898,135.8429,D,high,embedded QuickTime creation date; GPS present,D/D_049.m4v,
D_050.m4v,IMG_2315.m4v,/Users/Daniel/Downloads/Foto di iCloud/IMG_2315.MP4,/Users/Daniel/Downloads/ANNIVERSARY_2026/compressed_all/set1/IMG_2315.m4v,video,2026-04-13T18:45:14,,34.6879,135.5254,D,high,embedded QuickTime creation date; GPS present,D/D_050.m4v,
D_051.jpg,IMG_2327_JPG.jpg,/Users/Daniel/Downloads/Foto di iCloud/IMG_2327.JPG,/Users/Daniel/Downloads/ANNIVERSARY_2026/compressed_all/set1/fix/IMG_2327_JPG.jpg,image,2026-04-14T16:27:48,,35.13155,129.053406,D,high,embedded EXIF capture date; GPS present,D/D_051.jpg,
D_052.m4v,IMG_2335.m4v,/Users/Daniel/Downloads/Foto di iCloud/IMG_2335.MOV,/Users/Daniel/Downloads/ANNIVERSARY_2026/compressed_all/set1/IMG_2335.m4v,video,2026-04-14T21:58:40,,35.1543,129.1285,D,high,embedded QuickTime creation date; GPS present,D/D_052.m4v,
D_053.jpg,IMG_2336.jpg,/Users/Daniel/Downloads/Foto di iCloud/IMG_2336.JPG,/Users/Daniel/Downloads/ANNIVERSARY_2026/compressed_all/set1/IMG_2336.jpg,image,2026-04-15T09:28:56,,35.124028,129.0466,D,high,embedded EXIF capture date; GPS present,D/D_053.jpg,
D_054.jpg,IMG_2367.jpg,/Users/Daniel/Downloads/Foto di iCloud/IMG_2367.JPG,/Users/Daniel/Downloads/ANNIVERSARY_2026/compressed_all/set1/IMG_2367.jpg,image,2026-04-15T16:22:22,,37.518306,126.908578,D,high,embedded EXIF capture date; GPS present,D/D_054.jpg,
D_055.m4v,H4DVFAL4_20260415170137.m4v,/Users/Daniel/Downloads/Foto di iCloud/H4DVFAL4_20260415170137.MP4,/Users/Daniel/Downloads/ANNIVERSARY_2026/compressed_all/set1/H4DVFAL4_20260415170137.m4v,video,,2026-04-15T17:01:37,,,D,medium,filename timestamp (mvhd differs),D/D_055.m4v,
D_056.m4v,IMG_2398.m4v,/Users/Daniel/Downloads/Foto di iCloud/IMG_2398.MP4,/Users/Daniel/Downloads/ANNIVERSARY_2026/compressed_all/set1/IMG_2398.m4v,video,2026-04-15T18:57:05,,37.555,126.8945,D,high,embedded QuickTime creation date; GPS present,D/D_056.m4v,
D_057.jpg,IMG_2427.jpg,/Users/Daniel/Downloads/Foto di iCloud/IMG_2427.JPG,/Users/Daniel/Downloads/ANNIVERSARY_2026/compressed_all/set1/IMG_2427.jpg,image,2026-04-15T22:52:12,,37.551278,126.921608,D,high,embedded EXIF capture date; GPS present,D/D_057.jpg,
D_058.jpg,IMG_2520.jpg,/Users/Daniel/Downloads/Foto di iCloud/IMG_2520.JPG,/Users/Daniel/Downloads/ANNIVERSARY_2026/compressed_all/set1/IMG_2520.jpg,image,2026-04-16T14:43:15,,37.579097,126.979033,D,high,embedded EXIF capture date; GPS present,D/D_058.jpg,
D_059.m4v,IMG_2659.m4v,/Users/Daniel/Downloads/Foto di iCloud/IMG_2659.MP4,/Users/Daniel/Downloads/ANNIVERSARY_2026/compressed_all/set1/IMG_2659.m4v,video,2026-04-18T19:59:23,,35.1579,129.0828,D,high,embedded QuickTime creation date; GPS present,D/D_059.m4v,
D_060.m4v,8AA79EDB-8A2F-4CD1-AB86-4957C59B9DA5.m4v,/Users/Daniel/Downloads/Foto di iCloud/8AA79EDB-8A2F-4CD1-AB86-4957C59B9DA5.mov,/Users/Daniel/Downloads/ANNIVERSARY_2026/compressed_all/set1/8AA79EDB-8A2F-4CD1-AB86-4957C59B9DA5.m4v,video,,2026-04-19T14:34:17,,,D,medium,"container creation time (UTC->Europe/Rome); approximate, no GPS",D/D_060.m4v,
D_061.m4v,IMG_2720.m4v,/Users/Daniel/Downloads/Foto di iCloud/IMG_2720.MP4,/Users/Daniel/Downloads/ANNIVERSARY_2026/compressed_all/set1/IMG_2720.m4v,video,2026-04-19T21:43:51,,35.7856,129.3083,D,high,embedded QuickTime creation date; GPS present,D/D_061.m4v,
D_062.jpg,IMG_9912.jpg,/Users/Daniel/Downloads/Foto di iCloud/IMG_9912.HEIC,/Users/Daniel/Downloads/ANNIVERSARY_2026/compressed_all/set1/IMG_9912.jpg,image,2026-04-20T18:19:51,,35.1316,129.053558,D,high,embedded EXIF capture date; GPS present,D/D_062.jpg,
D_063.m4v,video 2.m4v,/Users/Daniel/Downloads/Foto di iCloud/video 2.MP4,/Users/Daniel/Downloads/ANNIVERSARY_2026/compressed_all/set1/video 2.m4v,video,,2026-04-21T00:00:44,,,D,medium,"container creation time (UTC->Europe/Rome); approximate, no GPS",D/D_063.m4v,
E_001.jpg,IMG_0113.jpg,/Users/Daniel/Downloads/Foto di iCloud/IMG_0113.PNG,/Users/Daniel/Downloads/ANNIVERSARY_2026/compressed_all/set1/IMG_0113.jpg,image,2026-04-24T18:07:57,,,,E,high,embedded EXIF capture date,E/E_001.jpg,
E_002.jpg,IMG_0975.jpg,/Users/Daniel/Downloads/Foto di iCloud/IMG_0975.JPEG,/Users/Daniel/Downloads/ANNIVERSARY_2026/compressed_all/set1/IMG_0975.jpg,image,2026-04-25T18:45:28,,,,E,high,embedded EXIF capture date,E/E_002.jpg,
E_003.jpg,IMG_1169.jpg,/Users/Daniel/Downloads/Foto di iCloud/IMG_1169.PNG,/Users/Daniel/Downloads/ANNIVERSARY_2026/compressed_all/set1/IMG_1169.jpg,image,2026-04-30T21:38:20,,,,E,medium,embedded EXIF capture date,E/E_003.jpg,
E_004.jpg,IMG_1299.jpg,/Users/Daniel/Downloads/Foto di iCloud/IMG_1299.JPEG,/Users/Daniel/Downloads/ANNIVERSARY_2026/compressed_all/set1/IMG_1299.jpg,image,2026-05-03T16:48:01,,,,E,high,embedded EXIF capture date,E/E_004.jpg,
E_005.jpg,IMG_1304.jpg,/Users/Daniel/Downloads/Foto di iCloud/IMG_1304.PNG,/Users/Daniel/Downloads/ANNIVERSARY_2026/compressed_all/set1/IMG_1304.jpg,image,2026-05-03T17:34:16,,,,E,high,embedded EXIF capture date,E/E_005.jpg,
E_006.jpg,IMG_1343.jpg,/Users/Daniel/Downloads/Foto di iCloud/IMG_1343.PNG,/Users/Daniel/Downloads/ANNIVERSARY_2026/compressed_all/set1/IMG_1343.jpg,image,2026-05-05T17:14:03,,,,E,high,embedded EXIF capture date,E/E_006.jpg,
E_007.jpg,IMG_1386.jpg,/Users/Daniel/Downloads/Foto di iCloud/IMG_1386.PNG,/Users/Daniel/Downloads/ANNIVERSARY_2026/compressed_all/set1/IMG_1386.jpg,image,2026-05-06T19:12:38,,,,E,high,embedded EXIF capture date,E/E_007.jpg,
E_008.jpg,IMG_1394.jpg,/Users/Daniel/Downloads/Foto di iCloud/IMG_1394.PNG,/Users/Daniel/Downloads/ANNIVERSARY_2026/compressed_all/set1/IMG_1394.jpg,image,2026-05-06T22:41:15,,,,E,high,embedded EXIF capture date,E/E_008.jpg,
E_009.jpg,IMG_1430.jpg,/Users/Daniel/Downloads/Foto di iCloud/IMG_1430.PNG,/Users/Daniel/Downloads/ANNIVERSARY_2026/compressed_all/set1/IMG_1430.jpg,image,2026-05-08T16:39:38,,,,E,high,embedded EXIF capture date,E/E_009.jpg,
E_010.jpg,IMG_1517.jpg,/Users/Daniel/Downloads/Foto di iCloud/IMG_1517.PNG,/Users/Daniel/Downloads/ANNIVERSARY_2026/compressed_all/set1/IMG_1517.jpg,image,2026-05-10T19:16:51,,,,E,high,embedded EXIF capture date,E/E_010.jpg,
E_011.jpg,IMG_2110.jpg,/Users/Daniel/Downloads/Foto di iCloud/IMG_2110.PNG,/Users/Daniel/Downloads/ANNIVERSARY_2026/compressed_all/set1/IMG_2110.jpg,image,2026-05-26T19:17:06,,,,E,high,embedded EXIF capture date,E/E_011.jpg,
E_012.jpg,IMG_2327_HEIC.jpg,/Users/Daniel/Downloads/Foto di iCloud/IMG_2327.HEIC,/Users/Daniel/Downloads/ANNIVERSARY_2026/compressed_all/set1/fix/IMG_2327_HEIC.jpg,image,2026-05-31T22:57:02,,45.449375,9.184267,E,high,embedded EXIF capture date; GPS present,E/E_012.jpg,
E_013.jpg,IMG_2408.jpg,/Users/Daniel/Downloads/Foto di iCloud/IMG_2408.PNG,/Users/Daniel/Downloads/ANNIVERSARY_2026/compressed_all/set1/IMG_2408.jpg,image,2026-06-02T16:35:55,,,,E,high,embedded EXIF capture date,E/E_013.jpg,
E_014.jpg,IMG_2409.jpg,/Users/Daniel/Downloads/Foto di iCloud/IMG_2409.PNG,/Users/Daniel/Downloads/ANNIVERSARY_2026/compressed_all/set1/IMG_2409.jpg,image,2026-06-02T16:36:35,,,,E,high,embedded EXIF capture date,E/E_014.jpg,
E_015.jpg,IMG_2609.jpg,/Users/Daniel/Downloads/Foto di iCloud/IMG_2609.JPEG,/Users/Daniel/Downloads/ANNIVERSARY_2026/compressed_all/set1/IMG_2609.jpg,image,2026-06-09T17:31:35,,,,E,high,embedded EXIF capture date,E/E_015.jpg,
E_016.jpg,IMG_2743.jpg,/Users/Daniel/Downloads/Foto di iCloud/IMG_2743.PNG,/Users/Daniel/Downloads/ANNIVERSARY_2026/compressed_all/set1/IMG_2743.jpg,image,2026-06-12T04:15:39,,,,E,high,embedded EXIF capture date,E/E_016.jpg,
E_017.jpg,IMG_2812.jpg,/Users/Daniel/Downloads/Foto di iCloud/IMG_2812.JPEG,/Users/Daniel/Downloads/ANNIVERSARY_2026/compressed_all/set1/IMG_2812.jpg,image,2026-06-13T12:13:16,,,,E,high,embedded EXIF capture date,E/E_017.jpg,
E_018.jpg,IMG_2975.jpg,/Users/Daniel/Downloads/Foto di iCloud/IMG_2975.PNG,/Users/Daniel/Downloads/ANNIVERSARY_2026/compressed_all/set1/IMG_2975.jpg,image,2026-06-17T00:03:58,,,,E,high,embedded EXIF capture date,E/E_018.jpg,
E_019.jpg,IMG_3245.jpg,/Users/Daniel/Downloads/Foto di iCloud/IMG_3245.PNG,/Users/Daniel/Downloads/ANNIVERSARY_2026/compressed_all/set1/IMG_3245.jpg,image,2026-06-24T16:15:19,,,,E,high,embedded EXIF capture date,E/E_019.jpg,
E_020.jpg,IMG_3320.jpg,/Users/Daniel/Downloads/Foto di iCloud/IMG_3320.PNG,/Users/Daniel/Downloads/ANNIVERSARY_2026/compressed_all/set1/IMG_3320.jpg,image,2026-06-27T10:26:53,,,,E,high,embedded EXIF capture date,E/E_020.jpg,
E_021.jpg,IMG_3435.jpg,/Users/Daniel/Downloads/Foto di iCloud/IMG_3435.PNG,/Users/Daniel/Downloads/ANNIVERSARY_2026/compressed_all/set1/IMG_3435.jpg,image,2026-06-28T16:39:06,,,,E,high,embedded EXIF capture date,E/E_021.jpg,
E_022.jpg,IMG_3644.jpg,/Users/Daniel/Downloads/Foto di iCloud/IMG_3644.PNG,/Users/Daniel/Downloads/ANNIVERSARY_2026/compressed_all/set1/IMG_3644.jpg,image,2026-07-03T20:24:33,,,,E,high,embedded EXIF capture date,E/E_022.jpg,
E_023.jpg,1a8cd039-5060-46a5-97df-270eec296180.jpg,/Users/Daniel/Downloads/Foto di iCloud/1a8cd039-5060-46a5-97df-270eec296180.jpg,/Users/Daniel/Downloads/ANNIVERSARY_2026/compressed_all/set1/1a8cd039-5060-46a5-97df-270eec296180.jpg,image,,,,,E,user-assigned,user-provided filename hint: VA_IN_E.jpg,E/E_023.jpg,VA_IN_E.jpg
E_024.jpg,15904e83-dbe3-4359-9046-cb66ea93c5ad.jpg,/Users/Daniel/Downloads/Foto di iCloud/15904e83-dbe3-4359-9046-cb66ea93c5ad.jpg,/Users/Daniel/Downloads/ANNIVERSARY_2026/compressed_all/set1/15904e83-dbe3-4359-9046-cb66ea93c5ad.jpg,image,,,,,E,user-assigned,user-provided filename hint: VA_IN_E_2.jpg,E/E_024.jpg,VA_IN_E_2.jpg
E_025.jpg,1730eaf5-a0bf-46b0-86c9-ec1ba3e9f162.jpg,/Users/Daniel/Downloads/Foto di iCloud/1730eaf5-a0bf-46b0-86c9-ec1ba3e9f162.jpg,/Users/Daniel/Downloads/ANNIVERSARY_2026/compressed_all/set1/1730eaf5-a0bf-46b0-86c9-ec1ba3e9f162.jpg,image,,,,,E,user-assigned,user-provided filename hint: VA_IN_E_3.jpg,E/E_025.jpg,VA_IN_E_3.jpg
E_026.jpg,73c3d486-26e8-45ec-8368-d1fdb1d68513.jpg,/Users/Daniel/Downloads/Foto di iCloud/73c3d486-26e8-45ec-8368-d1fdb1d68513.jpg,/Users/Daniel/Downloads/ANNIVERSARY_2026/compressed_all/set1/73c3d486-26e8-45ec-8368-d1fdb1d68513.jpg,image,,,,,E,user-assigned,user-provided filename hint: VA_IN_E_4.jpg,E/E_026.jpg,VA_IN_E_4.jpg
F_001.jpg,IMG_3912.jpg,/Users/Daniel/Downloads/Foto di iCloud/IMG_3912.HEIC,/Users/Daniel/Downloads/ANNIVERSARY_2026/compressed_all/set1/IMG_3912.jpg,image,,2026-07-07T10:33:19,,,F,low,inferred: nearest IMG_3913 (IMG number proximity to dated media); no embedded date/GPS,F/F_001.jpg,
F_002.m4v,IMG_3913.m4v,/Users/Daniel/Downloads/Foto di iCloud/IMG_3913.MOV,/Users/Daniel/Downloads/ANNIVERSARY_2026/compressed_all/set1/IMG_3913.m4v,video,2026-07-07T10:33:19,,45.4573,10.3203,F,high,embedded QuickTime creation date; GPS present,F/F_002.m4v,
F_003.m4v,IMG_3978.m4v,/Users/Daniel/Downloads/Foto di iCloud/IMG_3978.MOV,/Users/Daniel/Downloads/ANNIVERSARY_2026/compressed_all/set1/IMG_3978.m4v,video,2026-07-08T11:34:25,,43.772,11.2579,F,high,embedded QuickTime creation date; GPS present,F/F_003.m4v,
F_004.m4v,IMG_4003.m4v,/Users/Daniel/Downloads/Foto di iCloud/IMG_4003.MOV,/Users/Daniel/Downloads/ANNIVERSARY_2026/compressed_all/set1/IMG_4003.m4v,video,2026-07-08T14:10:53,,43.7706,11.2554,F,high,embedded QuickTime creation date; GPS present,F/F_004.m4v,
F_005.jpg,IMG_4010.jpg,/Users/Daniel/Downloads/Foto di iCloud/IMG_4010.HEIC,/Users/Daniel/Downloads/ANNIVERSARY_2026/compressed_all/set1/IMG_4010.jpg,image,,2026-07-08T14:10:53,,,F,low,inferred: bracketed by IMG_4003/IMG_4066 (IMG number proximity to dated media); no embedded date/GPS,F/F_005.jpg,
F_006.m4v,IMG_4066.m4v,/Users/Daniel/Downloads/Foto di iCloud/IMG_4066.MOV,/Users/Daniel/Downloads/ANNIVERSARY_2026/compressed_all/set1/IMG_4066.m4v,video,2026-07-09T13:15:17,,43.768,11.2546,F,high,embedded QuickTime creation date; GPS present,F/F_006.m4v,
F_007.m4v,IMG_4113.m4v,/Users/Daniel/Downloads/Foto di iCloud/IMG_4113.MOV,/Users/Daniel/Downloads/ANNIVERSARY_2026/compressed_all/set1/IMG_4113.m4v,video,2026-07-09T14:33:44,,43.768,11.2563,F,high,embedded QuickTime creation date; GPS present,F/F_007.m4v,
F_008.m4v,IMG_4114.m4v,/Users/Daniel/Downloads/Foto di iCloud/IMG_4114.MOV,/Users/Daniel/Downloads/ANNIVERSARY_2026/compressed_all/set1/IMG_4114.m4v,video,2026-07-09T14:46:52,,43.7691,11.2557,F,high,embedded QuickTime creation date; GPS present,F/F_008.m4v,
F_009.jpg,IMG_4157.jpg,/Users/Daniel/Downloads/Foto di iCloud/IMG_4157.HEIC,/Users/Daniel/Downloads/ANNIVERSARY_2026/compressed_all/set1/IMG_4157.jpg,image,,2026-07-10T17:33:03,,,F,low,inferred: bracketed by IMG_4114/IMG_4169 (IMG number proximity to dated media); no embedded date/GPS,F/F_009.jpg,
F_010.m4v,IMG_4169.m4v,/Users/Daniel/Downloads/Foto di iCloud/IMG_4169.MOV,/Users/Daniel/Downloads/ANNIVERSARY_2026/compressed_all/set1/IMG_4169.m4v,video,2026-07-10T17:33:03,,43.0986,11.5234,F,medium,embedded QuickTime creation date; GPS present,F/F_010.m4v,
F_011.m4v,IMG_4192.m4v,/Users/Daniel/Downloads/Foto di iCloud/IMG_4192.MOV,/Users/Daniel/Downloads/ANNIVERSARY_2026/compressed_all/set1/IMG_4192.m4v,video,2026-07-10T23:55:50,,43.0767,11.6788,F,medium,embedded QuickTime creation date; GPS present,F/F_011.m4v,
F_012.m4v,IMG_4193.m4v,/Users/Daniel/Downloads/Foto di iCloud/IMG_4193.MOV,/Users/Daniel/Downloads/ANNIVERSARY_2026/compressed_all/set1/IMG_4193.m4v,video,2026-07-10T23:56:30,,43.0766,11.6797,F,medium,embedded QuickTime creation date; GPS present,F/F_012.m4v,
F_013.jpg,IMG_4310.jpg,/Users/Daniel/Downloads/Foto di iCloud/IMG_4310.HEIC,/Users/Daniel/Downloads/ANNIVERSARY_2026/compressed_all/set1/IMG_4310.jpg,image,2026-07-11T10:45:19,,43.076817,11.67842,F,medium,embedded EXIF capture date; GPS present,F/F_013.jpg,
F_014.m4v,IMG_4490.m4v,/Users/Daniel/Downloads/Foto di iCloud/IMG_4490.MOV,/Users/Daniel/Downloads/ANNIVERSARY_2026/compressed_all/set1/IMG_4490.m4v,video,2026-07-11T14:44:10,,43.081,11.7121,F,medium,embedded QuickTime creation date; GPS present,F/F_014.m4v,
F_015.jpg,IMG_4507.jpg,/Users/Daniel/Downloads/Foto di iCloud/IMG_4507.HEIC,/Users/Daniel/Downloads/ANNIVERSARY_2026/compressed_all/set1/IMG_4507.jpg,image,2026-07-11T16:06:52,,43.202912,12.074789,F,medium,embedded EXIF capture date; GPS present,F/F_015.jpg,
F_016.m4v,IMG_4524.m4v,/Users/Daniel/Downloads/Foto di iCloud/IMG_4524.MOV,/Users/Daniel/Downloads/ANNIVERSARY_2026/compressed_all/set1/IMG_4524.m4v,video,2026-07-11T18:40:51,,42.898,12.7425,F,medium,embedded QuickTime creation date; GPS present,F/F_016.m4v,
F_017.jpg,IMG_4569.jpg,/Users/Daniel/Downloads/Foto di iCloud/IMG_4569.HEIC,/Users/Daniel/Downloads/ANNIVERSARY_2026/compressed_all/set1/IMG_4569.jpg,image,2026-07-11T19:43:45,,42.898013,12.742712,F,medium,embedded EXIF capture date; GPS present,F/F_017.jpg,
F_018.m4v,IMG_4600.m4v,/Users/Daniel/Downloads/Foto di iCloud/IMG_4600.MOV,/Users/Daniel/Downloads/ANNIVERSARY_2026/compressed_all/set1/IMG_4600.m4v,video,2026-07-11T20:19:14,,42.8981,12.7428,F,medium,embedded QuickTime creation date; GPS present,F/F_018.m4v,
F_019.m4v,IMG_4641.m4v,/Users/Daniel/Downloads/Foto di iCloud/IMG_4641.MOV,/Users/Daniel/Downloads/ANNIVERSARY_2026/compressed_all/set1/IMG_4641.m4v,video,2026-07-11T21:48:24,,42.8981,12.7434,F,medium,embedded QuickTime creation date; GPS present,F/F_019.m4v,
F_020.m4v,IMG_4642.m4v,/Users/Daniel/Downloads/Foto di iCloud/IMG_4642.MOV,/Users/Daniel/Downloads/ANNIVERSARY_2026/compressed_all/set1/IMG_4642.m4v,video,2026-07-11T21:56:01,,42.8981,12.7428,F,medium,embedded QuickTime creation date; GPS present,F/F_020.m4v,
F_021.m4v,IMG_4676.m4v,/Users/Daniel/Downloads/Foto di iCloud/IMG_4676.MOV,/Users/Daniel/Downloads/ANNIVERSARY_2026/compressed_all/set1/IMG_4676.m4v,video,2026-07-12T10:07:52,,42.5469,12.5213,F,medium,embedded QuickTime creation date; GPS present,F/F_021.m4v,
F_022.m4v,IMG_4677.m4v,/Users/Daniel/Downloads/Foto di iCloud/IMG_4677.MOV,/Users/Daniel/Downloads/ANNIVERSARY_2026/compressed_all/set1/IMG_4677.m4v,video,2026-07-12T10:30:28,,42.3241,12.486,F,medium,embedded QuickTime creation date; GPS present,F/F_022.m4v,
F_023.m4v,IMG_4678.m4v,/Users/Daniel/Downloads/Foto di iCloud/IMG_4678.MOV,/Users/Daniel/Downloads/ANNIVERSARY_2026/compressed_all/set1/IMG_4678.m4v,video,2026-07-12T12:12:21,,41.2477,14.0922,F,medium,embedded QuickTime creation date; GPS present,F/F_023.m4v,
F_024.jpg,IMG_4755.jpg,/Users/Daniel/Downloads/Foto di iCloud 2/IMG_4755.HEIC,/Users/Daniel/Downloads/ANNIVERSARY_2026/compressed_all/set2/IMG_4755.jpg,image,2026-07-13T14:30:13,,,,F,high,embedded EXIF capture date,F/F_024.jpg,
F_025.jpg,IMG_4788.jpg,/Users/Daniel/Downloads/Foto di iCloud 2/IMG_4788.HEIC,/Users/Daniel/Downloads/ANNIVERSARY_2026/compressed_all/set2/IMG_4788.jpg,image,,2026-07-13T16:43:18,,,F,low,inferred: bracketed by IMG_4755/IMG_4809 (IMG number proximity to dated media); no embedded date/GPS,F/F_025.jpg,
F_026.jpg,IMG_4809.jpg,/Users/Daniel/Downloads/Foto di iCloud 2/IMG_4809.HEIC,/Users/Daniel/Downloads/ANNIVERSARY_2026/compressed_all/set2/IMG_4809.jpg,image,2026-07-13T16:43:18,,,,F,high,embedded EXIF capture date,F/F_026.jpg,
F_027.jpg,IMG_4825.jpg,/Users/Daniel/Downloads/Foto di iCloud 2/IMG_4825.HEIC,/Users/Daniel/Downloads/ANNIVERSARY_2026/compressed_all/set2/IMG_4825.jpg,image,2026-07-13T16:50:33,,,,F,high,embedded EXIF capture date,F/F_027.jpg,
F_028.m4v,IMG_4875.m4v,/Users/Daniel/Downloads/Foto di iCloud 2/IMG_4875.MOV,/Users/Daniel/Downloads/ANNIVERSARY_2026/compressed_all/set2/IMG_4875.m4v,video,2026-07-13T22:06:04,,40.8406,14.2542,F,high,embedded QuickTime creation date; GPS present,F/F_028.m4v,
F_029.m4v,IMG_4888.m4v,/Users/Daniel/Downloads/Foto di iCloud 2/IMG_4888.MOV,/Users/Daniel/Downloads/ANNIVERSARY_2026/compressed_all/set2/IMG_4888.m4v,video,2026-07-13T22:13:55,,40.8406,14.2542,F,high,embedded QuickTime creation date; GPS present,F/F_029.m4v,
F_030.m4v,IMG_4896.m4v,/Users/Daniel/Downloads/Foto di iCloud 2/IMG_4896.MOV,/Users/Daniel/Downloads/ANNIVERSARY_2026/compressed_all/set2/IMG_4896.m4v,video,2026-07-14T09:51:42,,40.8258,14.5265,F,high,embedded QuickTime creation date; GPS present,F/F_030.m4v,
F_031.m4v,IMG_4943.m4v,/Users/Daniel/Downloads/Foto di iCloud 2/IMG_4943.MOV,/Users/Daniel/Downloads/ANNIVERSARY_2026/compressed_all/set2/IMG_4943.m4v,video,2026-07-14T18:10:28,,40.6182,14.5526,F,high,embedded QuickTime creation date; GPS present,F/F_031.m4v,
F_032.jpg,IMG_5020.jpg,/Users/Daniel/Downloads/Foto di iCloud 2/IMG_5020.HEIC,/Users/Daniel/Downloads/ANNIVERSARY_2026/compressed_all/set2/IMG_5020.jpg,image,2026-07-14T20:18:41,,,,F,high,embedded EXIF capture date,F/F_032.jpg,
F_033.m4v,IMG_5069.m4v,/Users/Daniel/Downloads/Foto di iCloud 2/IMG_5069.MOV,/Users/Daniel/Downloads/ANNIVERSARY_2026/compressed_all/set2/IMG_5069.m4v,video,2026-07-14T22:00:06,,40.6167,14.5485,F,high,embedded QuickTime creation date; GPS present,F/F_033.m4v,
F_034.jpg,IMG_4733.jpg,/Users/Daniel/Downloads/Foto di iCloud/IMG_4733.HEIC,/Users/Daniel/Downloads/ANNIVERSARY_2026/compressed_all/set1/IMG_4733.jpg,image,,,,,F,user-assigned,user-provided filename hint: AMALFI_COAST.jpg,F/F_034.jpg,AMALFI_COAST.jpg
F_035.m4v,IMG_5145.m4v,/Users/Daniel/Downloads/Foto di iCloud 2/IMG_5145.MOV,/Users/Daniel/Downloads/ANNIVERSARY_2026/compressed_all/set2/IMG_5145.m4v,video,2026-07-15T13:37:12,,41.5477,13.4711,F,high,embedded QuickTime creation date; GPS present,F/F_035.m4v,
F_036.m4v,IMG_5146.m4v,/Users/Daniel/Downloads/Foto di iCloud 2/IMG_5146.MOV,/Users/Daniel/Downloads/ANNIVERSARY_2026/compressed_all/set2/IMG_5146.m4v,video,2026-07-15T13:53:48,,41.701,13.1589,F,high,embedded QuickTime creation date; GPS present,F/F_036.m4v,
F_037.m4v,IMG_5161.m4v,/Users/Daniel/Downloads/Foto di iCloud 2/IMG_5161.mov,/Users/Daniel/Downloads/ANNIVERSARY_2026/compressed_all/set2/IMG_5161.m4v,video,2026-07-15T19:32:09,,43.6455,10.6222,F,high,embedded QuickTime creation date; GPS present,F/F_037.m4v,
F_038.jpg,IMG_5175.jpg,/Users/Daniel/Downloads/Foto di iCloud 2/IMG_5175.HEIC,/Users/Daniel/Downloads/ANNIVERSARY_2026/compressed_all/set2/IMG_5175.jpg,image,2026-07-15T20:27:30,,,,F,high,embedded EXIF capture date,F/F_038.jpg,
F_039.jpg,IMG_5244.jpg,/Users/Daniel/Downloads/Foto di iCloud 2/IMG_5244.HEIC,/Users/Daniel/Downloads/ANNIVERSARY_2026/compressed_all/set2/IMG_5244.jpg,image,,2026-07-17T18:08:33,,,F,low,inferred: bracketed by IMG_5175/IMG_5277 (IMG number proximity to dated media); no embedded date/GPS,F/F_039.jpg,
F_040.jpg,IMG_5277.jpg,/Users/Daniel/Downloads/Foto di iCloud 2/IMG_5277.HEIC,/Users/Daniel/Downloads/ANNIVERSARY_2026/compressed_all/set2/IMG_5277.jpg,image,2026-07-17T18:08:33,,,,F,high,embedded EXIF capture date,F/F_040.jpg,
F_041.m4v,IMG_5423.m4v,/Users/Daniel/Downloads/Foto di iCloud 2/IMG_5423.MOV,/Users/Daniel/Downloads/ANNIVERSARY_2026/compressed_all/set2/IMG_5423.m4v,video,2026-07-18T21:34:22,,45.434,12.3385,F,high,embedded QuickTime creation date; GPS present,F/F_041.m4v,
F_042.jpg,IMG_5675.jpg,/Users/Daniel/Downloads/Foto di iCloud 2/IMG_5675.HEIC,/Users/Daniel/Downloads/ANNIVERSARY_2026/compressed_all/set2/IMG_5675.jpg,image,,2026-07-20T18:25:25,,,F,low,inferred: bracketed by IMG_5423/IMG_5751 (IMG number proximity to dated media); no embedded date/GPS,F/F_042.jpg,
F_043.jpg,IMG_5751.jpg,/Users/Daniel/Downloads/Foto di iCloud 2/IMG_5751.HEIC,/Users/Daniel/Downloads/ANNIVERSARY_2026/compressed_all/set2/IMG_5751.jpg,image,2026-07-20T18:25:25,,,,F,high,embedded EXIF capture date,F/F_043.jpg,
F_044.jpg,IMG_5911.jpg,/Users/Daniel/Downloads/Foto di iCloud 2/IMG_5911.HEIC,/Users/Daniel/Downloads/ANNIVERSARY_2026/compressed_all/set2/IMG_5911.jpg,image,2026-07-20T19:00:05,,,,F,high,embedded EXIF capture date,F/F_044.jpg,
F_045.jpg,IMG_5987.jpg,/Users/Daniel/Downloads/Foto di iCloud 2/IMG_5987.HEIC,/Users/Daniel/Downloads/ANNIVERSARY_2026/compressed_all/set2/IMG_5987.jpg,image,,2026-07-22T09:02:09,,,F,low,inferred: bracketed by IMG_5911/IMG_6028 (IMG number proximity to dated media); no embedded date/GPS,F/F_045.jpg,
F_046.jpg,IMG_6028.jpg,/Users/Daniel/Downloads/Foto di iCloud 2/IMG_6028.HEIC,/Users/Daniel/Downloads/ANNIVERSARY_2026/compressed_all/set2/IMG_6028.jpg,image,2026-07-22T09:02:09,,,,F,high,embedded EXIF capture date,F/F_046.jpg,
F_047.jpg,IMG_6051.jpg,/Users/Daniel/Downloads/Foto di iCloud 2/IMG_6051.HEIC,/Users/Daniel/Downloads/ANNIVERSARY_2026/compressed_all/set2/IMG_6051.jpg,image,2026-07-22T10:39:54,,,,F,high,embedded EXIF capture date,F/F_047.jpg,
F_048.jpg,IMG_6491.jpg,/Users/Daniel/Downloads/Foto di iCloud 2/IMG_6491.HEIC,/Users/Daniel/Downloads/ANNIVERSARY_2026/compressed_all/set2/IMG_6491.jpg,image,,2026-07-22T14:30:29,,,F,low,inferred: bracketed by IMG_6051/IMG_6513 (IMG number proximity to dated media); no embedded date/GPS,F/F_048.jpg,
F_049.m4v,IMG_6513.m4v,/Users/Daniel/Downloads/Foto di iCloud 2/IMG_6513.MOV,/Users/Daniel/Downloads/ANNIVERSARY_2026/compressed_all/set2/IMG_6513.m4v,video,2026-07-22T14:30:29,,45.8839,10.8414,F,high,embedded QuickTime creation date; GPS present,F/F_049.m4v,
F_050.m4v,IMG_6558.m4v,/Users/Daniel/Downloads/Foto di iCloud 2/IMG_6558.MOV,/Users/Daniel/Downloads/ANNIVERSARY_2026/compressed_all/set2/IMG_6558.m4v,video,2026-07-22T16:12:17,,45.8845,10.839,F,high,embedded QuickTime creation date; GPS present,F/F_050.m4v,
F_051.m4v,IMG_6562.m4v,/Users/Daniel/Downloads/Foto di iCloud 2/IMG_6562.MOV,/Users/Daniel/Downloads/ANNIVERSARY_2026/compressed_all/set2/IMG_6562.m4v,video,2026-07-22T16:25:58,,45.8849,10.8431,F,high,embedded QuickTime creation date; GPS present,F/F_051.m4v,
F_052.jpg,IMG_6606.jpg,/Users/Daniel/Downloads/Foto di iCloud 2/IMG_6606.HEIC,/Users/Daniel/Downloads/ANNIVERSARY_2026/compressed_all/set2/IMG_6606.jpg,image,2026-07-22T17:16:23,,,,F,high,embedded EXIF capture date,F/F_052.jpg,
F_053.m4v,IMG_6615.m4v,/Users/Daniel/Downloads/Foto di iCloud 2/IMG_6615.MOV,/Users/Daniel/Downloads/ANNIVERSARY_2026/compressed_all/set2/IMG_6615.m4v,video,2026-07-22T17:36:05,,45.9344,10.8194,F,high,embedded QuickTime creation date; GPS present,F/F_053.m4v,
F_054.jpg,IMG_6654.jpg,/Users/Daniel/Downloads/Foto di iCloud 2/IMG_6654.HEIC,/Users/Daniel/Downloads/ANNIVERSARY_2026/compressed_all/set2/IMG_6654.jpg,image,2026-07-22T20:00:01,,,,F,high,embedded EXIF capture date,F/F_054.jpg,
F_055.jpg,IMG_6671.jpg,/Users/Daniel/Downloads/Foto di iCloud 2/IMG_6671.HEIC,/Users/Daniel/Downloads/ANNIVERSARY_2026/compressed_all/set2/IMG_6671.jpg,image,2026-07-23T19:35:25,,,,F,high,embedded EXIF capture date,F/F_055.jpg,
F_056.jpg,IMG_6673.jpg,/Users/Daniel/Downloads/Foto di iCloud 2/IMG_6673.HEIC,/Users/Daniel/Downloads/ANNIVERSARY_2026/compressed_all/set2/IMG_6673.jpg,image,2026-07-23T19:47:07,,,,F,high,embedded EXIF capture date,F/F_056.jpg,
F_057.jpg,IMG_6692.jpg,/Users/Daniel/Downloads/Foto di iCloud 2/IMG_6692.HEIC,/Users/Daniel/Downloads/ANNIVERSARY_2026/compressed_all/set2/IMG_6692.jpg,image,2026-07-23T19:49:48,,,,F,high,embedded EXIF capture date,F/F_057.jpg,
F_058.jpg,IMG_6725.jpg,/Users/Daniel/Downloads/Foto di iCloud 2/IMG_6725.HEIC,/Users/Daniel/Downloads/ANNIVERSARY_2026/compressed_all/set2/IMG_6725.jpg,image,,2026-07-24T05:45:24,,,F,low,inferred: bracketed by IMG_6692/IMG_6736 (IMG number proximity to dated media); no embedded date/GPS,F/F_058.jpg,
F_059.m4v,IMG_6736.m4v,/Users/Daniel/Downloads/Foto di iCloud 2/IMG_6736.MOV,/Users/Daniel/Downloads/ANNIVERSARY_2026/compressed_all/set2/IMG_6736.m4v,video,2026-07-24T05:45:24,,45.4019,10.9053,F,high,embedded QuickTime creation date; GPS present,F/F_059.m4v,
F_060.m4v,IMG_6769.m4v,/Users/Daniel/Downloads/Foto di iCloud 2/IMG_6769.MOV,/Users/Daniel/Downloads/ANNIVERSARY_2026/compressed_all/set2/IMG_6769.m4v,video,2026-07-24T19:46:43,,48.8533,2.3032,F,high,embedded QuickTime creation date; GPS present,F/F_060.m4v,
F_061.jpg,IMG_6777.jpg,/Users/Daniel/Downloads/Foto di iCloud 2/IMG_6777.HEIC,/Users/Daniel/Downloads/ANNIVERSARY_2026/compressed_all/set2/IMG_6777.jpg,image,2026-07-24T20:16:37,,,,F,high,embedded EXIF capture date,F/F_061.jpg,
F_062.jpg,IMG_6781.jpg,/Users/Daniel/Downloads/Foto di iCloud 2/IMG_6781.HEIC,/Users/Daniel/Downloads/ANNIVERSARY_2026/compressed_all/set2/IMG_6781.jpg,image,2026-07-24T20:17:16,,,,F,high,embedded EXIF capture date,F/F_062.jpg,
F_063.m4v,IMG_6807.m4v,/Users/Daniel/Downloads/Foto di iCloud 2/IMG_6807.MOV,/Users/Daniel/Downloads/ANNIVERSARY_2026/compressed_all/set2/IMG_6807.m4v,video,2026-07-24T21:34:46,,48.8627,2.2877,F,high,embedded QuickTime creation date; GPS present,F/F_063.m4v,
F_064.jpg,IMG_6812.jpg,/Users/Daniel/Downloads/Foto di iCloud 2/IMG_6812.HEIC,/Users/Daniel/Downloads/ANNIVERSARY_2026/compressed_all/set2/IMG_6812.jpg,image,2026-07-24T22:14:14,,,,F,high,embedded EXIF capture date,F/F_064.jpg,
F_065.jpg,IMG_6867.jpg,/Users/Daniel/Downloads/Foto di iCloud 2/IMG_6867.HEIC,/Users/Daniel/Downloads/ANNIVERSARY_2026/compressed_all/set2/IMG_6867.jpg,image,2026-07-25T14:51:21,,,,F,high,embedded EXIF capture date,F/F_065.jpg,
F_066.m4v,IMG_6868.m4v,/Users/Daniel/Downloads/Foto di iCloud 2/IMG_6868.MOV,/Users/Daniel/Downloads/ANNIVERSARY_2026/compressed_all/set2/IMG_6868.m4v,video,2026-07-25T14:54:15,,48.8607,2.339,F,high,embedded QuickTime creation date; GPS present,F/F_066.m4v,
F_067.m4v,IMG_6871.m4v,/Users/Daniel/Downloads/Foto di iCloud 2/IMG_6871.MOV,/Users/Daniel/Downloads/ANNIVERSARY_2026/compressed_all/set2/IMG_6871.m4v,video,2026-07-25T14:59:01,,48.8612,2.3382,F,high,embedded QuickTime creation date; GPS present,F/F_067.m4v,
F_068.jpg,IMG_6925.jpg,/Users/Daniel/Downloads/Foto di iCloud 2/IMG_6925.JPG,/Users/Daniel/Downloads/ANNIVERSARY_2026/compressed_all/set2/IMG_6925.jpg,image,2026-07-25T15:13:05,,48.859781,2.338211,F,high,embedded EXIF capture date; GPS present,F/F_068.jpg,
F_069.m4v,IMG_6940.m4v,/Users/Daniel/Downloads/Foto di iCloud 2/IMG_6940.MOV,/Users/Daniel/Downloads/ANNIVERSARY_2026/compressed_all/set2/IMG_6940.m4v,video,2026-07-25T15:15:58,,48.8591,2.3387,F,high,embedded QuickTime creation date; GPS present,F/F_069.m4v,
F_070.m4v,IMG_6953.m4v,/Users/Daniel/Downloads/Foto di iCloud 2/IMG_6953.MOV,/Users/Daniel/Downloads/ANNIVERSARY_2026/compressed_all/set2/IMG_6953.m4v,video,2026-07-25T15:22:27,,48.8597,2.3377,F,high,embedded QuickTime creation date; GPS present,F/F_070.m4v,
F_071.jpg,IMG_6975.jpg,/Users/Daniel/Downloads/Foto di iCloud 2/IMG_6975.HEIC,/Users/Daniel/Downloads/ANNIVERSARY_2026/compressed_all/set2/IMG_6975.jpg,image,2026-07-25T15:27:26,,,,F,high,embedded EXIF capture date,F/F_071.jpg,
F_072.jpg,IMG_7124.jpg,/Users/Daniel/Downloads/Foto di iCloud 2/IMG_7124.JPEG,/Users/Daniel/Downloads/ANNIVERSARY_2026/compressed_all/set2/IMG_7124.jpg,image,2026-07-25T15:33:25,,48.859431,2.337644,F,high,embedded EXIF capture date; GPS present,F/F_072.jpg,
F_073.jpg,IMG_7176.jpg,/Users/Daniel/Downloads/Foto di iCloud 2/IMG_7176.HEIC,/Users/Daniel/Downloads/ANNIVERSARY_2026/compressed_all/set2/IMG_7176.jpg,image,2026-07-25T20:31:01,,,,F,high,embedded EXIF capture date,F/F_073.jpg,
F_074.m4v,IMG_7251.m4v,/Users/Daniel/Downloads/Foto di iCloud 2/IMG_7251.MOV,/Users/Daniel/Downloads/ANNIVERSARY_2026/compressed_all/set2/IMG_7251.m4v,video,2026-07-25T21:51:20,,48.8623,2.2885,F,high,embedded QuickTime creation date; GPS present,F/F_074.m4v,
F_075.m4v,IMG_7257.m4v,/Users/Daniel/Downloads/Foto di iCloud 2/IMG_7257.MOV,/Users/Daniel/Downloads/ANNIVERSARY_2026/compressed_all/set2/IMG_7257.m4v,video,2026-07-25T22:03:23,,48.862,2.2888,F,high,embedded QuickTime creation date; GPS present,F/F_075.m4v,
F_076.jpg,IMG_7299.jpg,/Users/Daniel/Downloads/Foto di iCloud 2/IMG_7299.HEIC,/Users/Daniel/Downloads/ANNIVERSARY_2026/compressed_all/set2/IMG_7299.jpg,image,,2026-07-25T22:03:23,,,F,low,inferred: bracketed by IMG_7257/IMG_7353 (IMG number proximity to dated media); no embedded date/GPS,F/F_076.jpg,
F_077.jpg,IMG_7328.jpg,/Users/Daniel/Downloads/Foto di iCloud 2/IMG_7328.HEIC,/Users/Daniel/Downloads/ANNIVERSARY_2026/compressed_all/set2/IMG_7328.jpg,image,,2026-07-26T19:57:09,,,F,low,inferred: bracketed by IMG_7257/IMG_7353 (IMG number proximity to dated media); no embedded date/GPS,F/F_077.jpg,
F_078.jpg,IMG_7353.jpg,/Users/Daniel/Downloads/Foto di iCloud 2/IMG_7353.HEIC,/Users/Daniel/Downloads/ANNIVERSARY_2026/compressed_all/set2/IMG_7353.jpg,image,2026-07-26T19:57:09,,,,F,high,embedded EXIF capture date,F/F_078.jpg,
F_079.m4v,IMG_7393.m4v,/Users/Daniel/Downloads/Foto di iCloud 2/IMG_7393.MOV,/Users/Daniel/Downloads/ANNIVERSARY_2026/compressed_all/set2/IMG_7393.m4v,video,2026-07-26T21:02:22,,48.8604,2.2929,F,high,embedded QuickTime creation date; GPS present,F/F_079.m4v,
F_080.m4v,IMG_7440.m4v,/Users/Daniel/Downloads/Foto di iCloud 2/IMG_7440.MOV,/Users/Daniel/Downloads/ANNIVERSARY_2026/compressed_all/set2/IMG_7440.m4v,video,2026-07-26T23:59:21,,48.8832,2.3324,F,high,embedded QuickTime creation date; GPS present,F/F_080.m4v,
F_081.jpg,IMG_7442.jpg,/Users/Daniel/Downloads/Foto di iCloud 2/IMG_7442.HEIC,/Users/Daniel/Downloads/ANNIVERSARY_2026/compressed_all/set2/IMG_7442.jpg,image,,2026-07-26T23:59:21,,,F,low,inferred: bracketed by IMG_7440/IMG_7490 (IMG number proximity to dated media); no embedded date/GPS,F/F_081.jpg,
F_082.jpg,IMG_7490.jpg,/Users/Daniel/Downloads/Foto di iCloud 2/IMG_7490.HEIC,/Users/Daniel/Downloads/ANNIVERSARY_2026/compressed_all/set2/IMG_7490.jpg,image,2026-07-27T19:57:04,,,,F,high,embedded EXIF capture date,F/F_082.jpg,
G_001.jpg,IMG_9508.jpg,/Users/Daniel/Downloads/Foto di iCloud 2/IMG_9508.PNG,/Users/Daniel/Downloads/ANNIVERSARY_2026/compressed_all/set2/IMG_9508.jpg,image,2026-08-26T20:07:27,,,,G,medium,embedded EXIF capture date,G/G_001.jpg,
G_002.jpg,IMG_9786.jpg,/Users/Daniel/Downloads/Foto di iCloud 2/IMG_9786.PNG,/Users/Daniel/Downloads/ANNIVERSARY_2026/compressed_all/set2/IMG_9786.jpg,image,2026-08-31T11:37:16,,,,G,high,embedded EXIF capture date,G/G_002.jpg,
G_003.jpg,IMG_9838.jpg,/Users/Daniel/Downloads/Foto di iCloud 2/IMG_9838.PNG,/Users/Daniel/Downloads/ANNIVERSARY_2026/compressed_all/set2/IMG_9838.jpg,image,2026-09-02T00:22:49,,,,G,high,embedded EXIF capture date,G/G_003.jpg,
G_004.jpg,IMG_9932.jpg,/Users/Daniel/Downloads/Foto di iCloud 2/IMG_9932.PNG,/Users/Daniel/Downloads/ANNIVERSARY_2026/compressed_all/set2/IMG_9932.jpg,image,2026-09-04T01:18:31,,,,G,high,embedded EXIF capture date,G/G_004.jpg,
G_005.jpg,IMG_0491.jpg,/Users/Daniel/Downloads/Foto di iCloud 2/IMG_0491.PNG,/Users/Daniel/Downloads/ANNIVERSARY_2026/compressed_all/set2/IMG_0491.jpg,image,2026-09-14T23:37:46,,,,G,high,embedded EXIF capture date,G/G_005.jpg,
